#{"t_start": 1720045124.0417886, "env_id": "None"}
r,l,t
0.0,500,3.597548
0.0,500,6.669089
13075000.0,500,9.90138
0.0,500,12.519393
0.0,500,15.144207
0.0,500,18.159589
13575000.0,500,21.698715
0.0,500,24.762283
0.0,500,27.500169
14075000.0,500,30.54356
0.0,500,33.741196
0.0,500,36.797393
14575000.0,500,40.001346
0.0,500,43.120727
0.0,500,46.945148
0.0,500,49.850913
0.0,500,52.771235
0.0,500,55.682083
0.0,500,58.374215
0.0,500,61.190092
0.0,500,63.979124
0.0,500,66.796534
0.0,500,69.411277
0.0,500,72.146585
0.0,500,75.02223
0.0,500,77.779608
0.0,500,80.4243
0.0,500,83.360223
0.0,500,86.271371
0.0,500,89.051084
0.0,500,91.601741
0.0,500,94.290295
0.0,500,97.196431
0.0,500,99.907873
0.0,500,102.614534
0.0,500,105.372668
0.0,500,108.070704
0.0,500,110.727447
0.0,500,113.658899
0.0,500,116.352315
0.0,500,119.181698
0.0,500,121.891816
0.0,500,124.909246
0.0,500,127.747847
15075000.0,500,130.515511
0.0,500,133.414792
0.0,500,136.310497
0.0,500,139.011035
0.0,500,141.662098
0.0,500,144.474702
0.0,500,147.214762
0.0,500,150.085468
0.0,500,152.982077
0.0,500,155.65515
0.0,500,158.312612
0.0,500,161.117658
0.0,500,163.990093
0.0,500,166.887575
0.0,500,169.611052
0.0,500,172.425092
0.0,500,175.191735
0.0,500,178.066552
0.0,500,180.952058
0.0,500,183.932046
0.0,500,186.807389
0.0,500,189.714218
0.0,500,192.541673
0.0,500,195.318418
0.0,500,198.105815
0.0,500,200.788164
0.0,500,203.554815
0.0,500,206.522317
0.0,500,209.143085
0.0,500,211.709403
15575000.0,500,214.330982
0.0,500,217.223861
0.0,500,219.788113
0.0,500,222.348965
0.0,500,225.353829
0.0,500,228.07294
0.0,500,230.627177
0.0,500,233.206349
0.0,500,235.940255
0.0,500,238.763636
0.0,500,241.573549
0.0,500,244.273419
0.0,500,247.254502
0.0,500,250.097745
0.0,500,252.705868
0.0,500,255.492604
0.0,500,258.382143
0.0,500,261.012995
0.0,500,263.600405
0.0,500,266.385915
0.0,500,268.973456
0.0,500,271.71616
0.0,500,274.396924
0.0,500,277.258403
0.0,500,280.140055
0.0,500,282.677496
0.0,500,285.418564
0.0,500,288.124695
0.0,500,290.925776
0.0,500,293.857474
0.0,500,296.642219
0.0,500,299.405486
0.0,500,302.147881
0.0,500,304.87578
0.0,500,307.799186
0.0,500,310.421897
0.0,500,313.012732
0.0,500,315.898402
0.0,500,318.758003
0.0,500,321.435972
0.0,500,324.03251
0.0,500,327.036294
0.0,500,329.688087
0.0,500,332.343084
0.0,500,334.970345
0.0,500,337.815534
0.0,500,340.536782
0.0,500,343.405092
0.0,500,346.383459
0.0,500,349.244656
0.0,500,352.155995
0.0,500,354.977944
0.0,500,357.672812
0.0,500,360.271348
0.0,500,363.130183
0.0,500,366.043069
0.0,500,369.011774
0.0,500,371.626947
0.0,500,374.480206
0.0,500,377.261654
0.0,500,379.956065
0.0,500,382.651846
0.0,500,385.348432
0.0,500,388.096853
0.0,500,390.815978
0.0,500,393.362346
0.0,500,395.987493
0.0,500,398.722827
0.0,500,401.415556
0.0,500,404.039351
16075000.0,500,407.065678
0.0,500,409.864227
0.0,500,412.493492
0.0,500,415.193348
0.0,500,418.02675
0.0,500,420.841027
0.0,500,423.738693
0.0,500,426.789299
0.0,500,429.758706
0.0,500,432.641666
0.0,500,435.469203
0.0,500,438.116104
0.0,500,440.752685
0.0,500,443.380827
0.0,500,446.124615
0.0,500,448.983947
0.0,500,451.683367
0.0,500,454.364734
0.0,500,457.293464
0.0,500,459.97775
0.0,500,462.71322
0.0,500,465.592349
0.0,500,468.286674
0.0,500,470.861257
0.0,500,473.464268
0.0,500,476.317607
0.0,500,479.084119
0.0,500,481.620549
0.0,500,484.148138
0.0,500,487.015722
0.0,500,489.906534
0.0,500,492.452563
0.0,500,495.01437
0.0,500,497.9198
0.0,500,500.745941
0.0,500,503.48155
0.0,500,506.087729
0.0,500,508.91078
0.0,500,511.825697
0.0,500,514.727973
0.0,500,517.420878
0.0,500,520.208328
0.0,500,522.742745
0.0,500,525.531969
0.0,500,528.21612
0.0,500,531.091184
0.0,500,533.765883
0.0,500,536.528093
0.0,500,539.379775
0.0,500,542.145133
0.0,500,544.775486
0.0,500,547.602125
0.0,500,550.295895
0.0,500,553.025105
0.0,500,555.682303
0.0,500,558.570613
0.0,500,561.523025
0.0,500,564.407971
0.0,500,567.264013
0.0,500,570.004984
0.0,500,572.662816
0.0,500,575.224415
0.0,500,578.066899
0.0,500,580.904398
0.0,500,583.813546
0.0,500,586.519778
0.0,500,589.478648
0.0,500,592.386992
0.0,500,595.110009
0.0,500,598.014321
0.0,500,600.81883
0.0,500,603.476952
0.0,500,606.032566
0.0,500,608.609627
0.0,500,611.496714
0.0,500,614.172016
0.0,500,616.900729
0.0,500,620.234653
0.0,500,623.485927
0.0,500,626.382176
0.0,500,629.408441
0.0,500,632.383586
16575000.0,500,635.083739
0.0,500,637.880499
0.0,500,640.615829
0.0,500,643.281361
0.0,500,646.167424
0.0,500,649.048907
0.0,500,651.845048
0.0,500,654.813304
0.0,500,657.320302
0.0,500,659.906898
0.0,500,662.514888
0.0,500,664.957044
0.0,500,667.552807
0.0,500,670.377594
0.0,500,673.032778
0.0,500,675.800531
0.0,500,678.547322
0.0,500,681.329545
0.0,500,684.813353
0.0,500,687.939178
0.0,500,690.564849
0.0,500,693.641652
0.0,500,696.604186
0.0,500,699.184748
0.0,500,701.945127
0.0,500,704.842474
0.0,500,708.23585
0.0,500,710.785534
0.0,500,713.391462
0.0,500,716.029296
0.0,500,719.301087
0.0,500,722.673827
0.0,500,725.47858
0.0,500,728.187375
0.0,500,731.041764
0.0,500,733.763159
0.0,500,736.500805
0.0,500,739.104957
0.0,500,741.817101
0.0,500,744.327074
0.0,500,747.110835
0.0,500,749.965659
0.0,500,752.741117
0.0,500,755.549572
0.0,500,758.127639
0.0,500,760.973904
0.0,500,763.844787
0.0,500,766.703234
0.0,500,769.515069
0.0,500,772.283385
0.0,500,775.087081
0.0,500,777.846803
0.0,500,780.485898
0.0,500,783.463535
0.0,500,786.350787
0.0,500,789.027993
0.0,500,791.864074
0.0,500,794.449887
0.0,500,797.101333
0.0,500,800.041626
0.0,500,802.979933
0.0,500,805.577655
0.0,500,808.207742
0.0,500,810.894488
0.0,500,813.877864
0.0,500,816.803949
0.0,500,819.603179
0.0,500,822.211102
0.0,500,824.834905
0.0,500,827.446209
0.0,500,830.160351
0.0,500,833.045994
0.0,500,835.974278
0.0,500,838.779437
0.0,500,841.359275
0.0,500,844.140037
0.0,500,846.709825
0.0,500,849.472028
0.0,500,852.302169
0.0,500,855.213716
0.0,500,858.182147
0.0,500,860.919591
0.0,500,863.598941
0.0,500,866.222969
0.0,500,868.84149
0.0,500,871.822605
0.0,500,874.592759
0.0,500,877.357798
0.0,500,880.121721
0.0,500,882.999472
0.0,500,885.835293
0.0,500,888.504363
0.0,500,891.203002
0.0,500,893.821326
0.0,500,896.514017
0.0,500,899.340833
0.0,500,902.290327
0.0,500,905.045581
0.0,500,907.644421
0.0,500,910.301348
0.0,500,913.288885
0.0,500,916.205036
0.0,500,919.113437
0.0,500,921.966482
0.0,500,924.870489
0.0,500,927.598839
0.0,500,930.381962
0.0,500,933.158003
0.0,500,935.976602
0.0,500,938.6587
0.0,500,941.40366
0.0,500,944.227067
0.0,500,946.804326
0.0,500,949.488643
0.0,500,952.408008
0.0,500,955.227427
0.0,500,958.061091
0.0,500,960.835841
0.0,500,963.495852
0.0,500,966.055098
0.0,500,968.713119
0.0,500,971.531093
0.0,500,974.396487
0.0,500,977.165215
0.0,500,979.876511
0.0,500,982.80329
0.0,500,985.578144
0.0,500,988.243336
0.0,500,991.201872
0.0,500,994.213793
0.0,500,997.095398
0.0,500,999.849879
0.0,500,1002.539806
0.0,500,1005.430322
0.0,500,1008.242921
0.0,500,1010.848876
0.0,500,1013.772603
0.0,500,1016.740669
0.0,500,1019.656842
0.0,500,1022.521445
0.0,500,1025.451945
0.0,500,1028.029949
0.0,500,1030.663167
0.0,500,1033.365519
0.0,500,1036.147413
0.0,500,1038.706282
0.0,500,1041.350576
0.0,500,1044.340612
0.0,500,1047.18917
0.0,500,1049.895557
0.0,500,1052.717766
0.0,500,1055.406602
0.0,500,1058.257442
0.0,500,1060.938178
0.0,500,1063.812842
0.0,500,1066.654342
0.0,500,1069.274297
0.0,500,1072.13297
0.0,500,1074.940207
0.0,500,1077.697828
0.0,500,1080.300159
0.0,500,1083.267754
0.0,500,1085.924846
0.0,500,1088.840357
0.0,500,1091.680924
0.0,500,1094.343821
0.0,500,1097.256743
0.0,500,1099.993033
0.0,500,1102.773902
0.0,500,1105.523886
0.0,500,1108.405089
0.0,500,1111.151692
0.0,500,1113.906491
0.0,500,1116.791837
0.0,500,1119.680896
0.0,500,1122.673387
0.0,500,1125.668454
0.0,500,1128.430437
0.0,500,1131.032663
0.0,500,1133.732232
0.0,500,1136.547744
0.0,500,1139.358807
0.0,500,1142.284649
0.0,500,1145.179832
0.0,500,1148.052353
0.0,500,1150.891027
0.0,500,1153.633461
0.0,500,1156.322315
0.0,500,1159.107854
0.0,500,1161.854238
0.0,500,1164.722712
0.0,500,1167.651304
0.0,500,1170.518711
0.0,500,1173.353521
0.0,500,1176.333274
0.0,500,1179.047273
0.0,500,1181.965181
0.0,500,1184.967967
0.0,500,1187.875186
0.0,500,1190.833133
0.0,500,1193.792826
0.0,500,1196.61796
0.0,500,1199.457297
0.0,500,1202.219992
0.0,500,1204.969938
0.0,500,1207.62168
0.0,500,1210.547739
0.0,500,1213.226745
0.0,500,1215.854878
0.0,500,1218.737973
0.0,500,1221.444645
0.0,500,1224.347311
0.0,500,1227.382639
0.0,500,1230.183874
0.0,500,1233.147089
0.0,500,1236.100336
0.0,500,1238.654105
0.0,500,1241.348445
0.0,500,1244.325407
0.0,500,1247.336489
0.0,500,1250.259287
0.0,500,1253.116587
0.0,500,1255.790457
0.0,500,1258.40259
0.0,500,1261.180137
0.0,500,1263.973315
0.0,500,1266.844951
0.0,500,1269.802106
0.0,500,1272.505969
0.0,500,1275.322883
0.0,500,1278.134561
0.0,500,1280.646616
0.0,500,1283.428776
0.0,500,1286.210944
0.0,500,1289.112144
0.0,500,1292.018593
0.0,500,1295.013412
0.0,500,1297.902351
0.0,500,1300.778424
0.0,500,1303.3731
0.0,500,1306.186104
0.0,500,1308.892733
0.0,500,1311.754846
0.0,500,1314.60653
0.0,500,1317.599474
0.0,500,1320.137736
0.0,500,1322.896114
0.0,500,1325.813797
0.0,500,1328.473759
0.0,500,1331.34644
0.0,500,1334.405198
0.0,500,1337.347707
0.0,500,1340.253059
0.0,500,1343.034816
0.0,500,1346.077458
0.0,500,1348.950464
0.0,500,1351.857735
0.0,500,1354.708669
0.0,500,1357.401537
0.0,500,1360.192782
0.0,500,1362.852706
0.0,500,1365.44295
0.0,500,1368.054672
0.0,500,1370.665929
0.0,500,1373.348896
0.0,500,1376.193604
0.0,500,1378.885267
0.0,500,1381.547633
0.0,500,1384.492969
0.0,500,1387.29932
0.0,500,1390.078233
0.0,500,1392.661785
0.0,500,1395.395627
0.0,500,1398.358414
0.0,500,1401.163409
0.0,500,1403.854918
0.0,500,1406.808575
0.0,500,1409.471185
0.0,500,1412.171548
0.0,500,1415.081424
0.0,500,1418.050427
0.0,500,1420.785601
0.0,500,1423.425243
0.0,500,1426.135508
0.0,500,1429.096292
0.0,500,1431.936415
0.0,500,1434.609536
0.0,500,1437.433869
0.0,500,1440.324313
0.0,500,1443.270315
0.0,500,1446.312973
0.0,500,1449.167964
0.0,500,1451.835379
0.0,500,1454.453291
0.0,500,1457.21434
0.0,500,1459.947803
0.0,500,1462.693809
0.0,500,1465.524424
0.0,500,1468.478167
0.0,500,1471.30316
0.0,500,1473.905845
0.0,500,1476.74527
0.0,500,1479.4302
0.0,500,1482.039333
0.0,500,1484.628903
0.0,500,1487.415065
0.0,500,1489.960641
0.0,500,1492.840172
0.0,500,1495.828396
0.0,500,1498.83909
0.0,500,1501.761983
0.0,500,1504.507344
0.0,500,1507.202577
0.0,500,1509.800182
0.0,500,1512.520199
0.0,500,1515.491963
0.0,500,1518.580359
0.0,500,1521.415223
0.0,500,1524.344026
0.0,500,1527.146636
0.0,500,1529.948967
0.0,500,1532.520406
0.0,500,1535.231227
0.0,500,1538.123146
0.0,500,1540.886023
0.0,500,1543.658612
0.0,500,1546.570186
0.0,500,1549.582773
0.0,500,1552.500475
0.0,500,1555.33358
0.0,500,1558.218451
0.0,500,1561.017528
0.0,500,1563.754207
0.0,500,1566.756084
0.0,500,1569.54133
0.0,500,1572.257534
0.0,500,1575.173378
0.0,500,1578.055664
0.0,500,1580.967263
0.0,500,1583.672242
0.0,500,1586.58418
0.0,500,1589.361761
0.0,500,1592.315144
0.0,500,1595.224431
0.0,500,1598.05286
0.0,500,1600.981485
0.0,500,1603.897271
0.0,500,1606.72707
0.0,500,1609.55034
0.0,500,1612.229602
0.0,500,1614.875751
0.0,500,1617.769022
0.0,500,1620.409046
0.0,500,1623.081588
0.0,500,1625.631362
0.0,500,1628.247448
0.0,500,1630.799798
0.0,500,1633.45395
17075000.0,500,1636.257144
0.0,500,1638.942871
0.0,500,1641.804609
0.0,500,1644.659801
0.0,500,1647.351047
0.0,500,1650.12525
0.0,500,1653.003802
0.0,500,1655.688842
0.0,500,1658.330489
0.0,500,1661.230545
0.0,500,1664.024833
0.0,500,1666.661309
0.0,500,1669.5055
0.0,500,1672.258056
0.0,500,1675.122131
0.0,500,1678.027269
0.0,500,1680.926602
0.0,500,1683.497248
0.0,500,1686.063102
0.0,500,1689.09472
0.0,500,1692.059601
0.0,500,1694.612613
0.0,500,1697.382981
0.0,500,1700.288981
0.0,500,1703.259515
0.0,500,1706.012042
0.0,500,1708.823776
0.0,500,1711.777345
0.0,500,1714.335086
0.0,500,1717.041611
0.0,500,1719.984623
0.0,500,1722.972936
0.0,500,1725.867363
0.0,500,1728.881013
0.0,500,1731.68752
0.0,500,1734.458873
0.0,500,1737.066808
0.0,500,1739.901227
0.0,500,1742.727476
0.0,500,1745.488308
0.0,500,1748.338979
0.0,500,1751.189775
0.0,500,1754.005591
0.0,500,1756.652446
0.0,500,1759.268493
0.0,500,1762.033736
0.0,500,1764.784935
0.0,500,1767.745599
0.0,500,1770.649147
0.0,500,1773.580783
0.0,500,1776.354486
0.0,500,1778.997604
0.0,500,1781.897266
0.0,500,1784.45375
0.0,500,1787.019089
0.0,500,1789.837903
0.0,500,1792.580822
0.0,500,1795.351624
0.0,500,1797.929271
0.0,500,1800.709436
0.0,500,1803.66245
0.0,500,1806.590735
0.0,500,1809.402877
0.0,500,1812.168827
0.0,500,1814.841824
0.0,500,1817.770922
0.0,500,1820.510386
0.0,500,1823.432298
0.0,500,1826.059403
0.0,500,1828.878307
0.0,500,1831.878116
0.0,500,1834.72507
0.0,500,1837.349756
0.0,500,1840.15308
0.0,500,1843.025832
0.0,500,1845.849934
0.0,500,1848.811855
0.0,500,1851.89334
0.0,500,1854.522205
0.0,500,1857.220251
0.0,500,1859.866509
0.0,500,1862.54106
0.0,500,1865.253792
0.0,500,1868.120457
0.0,500,1871.036574
0.0,500,1874.022035
0.0,500,1876.989542
0.0,500,1879.678775
0.0,500,1882.59352
0.0,500,1885.272111
0.0,500,1888.242345
0.0,500,1891.099577
0.0,500,1894.093691
0.0,500,1896.854637
0.0,500,1899.443713
0.0,500,1902.294792
0.0,500,1904.901175
0.0,500,1907.82641
0.0,500,1910.629417
0.0,500,1913.340328
0.0,500,1916.138055
0.0,500,1918.837451
0.0,500,1921.723976
0.0,500,1924.603931
0.0,500,1927.352845
0.0,500,1929.978082
0.0,500,1932.693629
0.0,500,1935.690848
0.0,500,1938.701189
0.0,500,1941.561548
0.0,500,1944.485706
0.0,500,1947.386908
0.0,500,1950.249608
0.0,500,1953.164021
0.0,500,1956.111062
0.0,500,1959.058003
0.0,500,1961.925339
0.0,500,1964.802815
0.0,500,1967.40732
0.0,500,1970.333275
0.0,500,1973.043649
0.0,500,1975.832133
0.0,500,1978.479083
0.0,500,1981.16747
0.0,500,1983.972449
0.0,500,1986.506208
0.0,500,1989.121277
0.0,500,1991.993644
0.0,500,1994.863018
0.0,500,1997.699945
0.0,500,2000.526563
0.0,500,2003.599299
0.0,500,2006.386338
0.0,500,2009.338563
0.0,500,2012.245953
0.0,500,2014.831959
0.0,500,2017.521284
0.0,500,2020.229945
0.0,500,2023.261313
0.0,500,2026.016318
0.0,500,2028.558037
0.0,500,2031.352038
0.0,500,2034.000899
0.0,500,2036.916646
0.0,500,2039.849404
0.0,500,2042.851479
0.0,500,2045.790722
0.0,500,2048.425342
0.0,500,2051.178477
0.0,500,2053.855652
0.0,500,2056.669607
0.0,500,2059.611954
0.0,500,2062.491971
0.0,500,2065.167153
0.0,500,2067.909471
0.0,500,2070.522487
0.0,500,2073.421524
0.0,500,2076.240876
0.0,500,2079.027234
0.0,500,2081.825616
0.0,500,2084.785464
0.0,500,2087.360499
0.0,500,2089.918957
0.0,500,2092.75292
0.0,500,2095.685192
0.0,500,2098.32055
0.0,500,2101.088088
0.0,500,2103.894394
0.0,500,2106.577584
0.0,500,2109.194247
0.0,500,2111.902717
17575000.0,500,2114.694842
0.0,500,2117.616234
0.0,500,2120.391067
0.0,500,2123.271142
0.0,500,2126.144672
0.0,500,2128.884546
0.0,500,2131.80877
0.0,500,2134.498046
0.0,500,2137.297385
0.0,500,2139.941276
0.0,500,2142.896613
0.0,500,2145.627203
0.0,500,2148.422568
0.0,500,2151.319114
0.0,500,2154.197127
0.0,500,2156.9779
0.0,500,2159.794662
0.0,500,2162.540894
0.0,500,2165.274812
0.0,500,2167.99595
0.0,500,2170.838768
0.0,500,2173.846749
0.0,500,2176.586932
0.0,500,2179.539111
0.0,500,2182.229869
0.0,500,2185.169813
0.0,500,2187.850981
0.0,500,2190.545366
0.0,500,2193.460737
0.0,500,2196.408055
0.0,500,2199.240477
0.0,500,2202.137777
0.0,500,2205.012236
0.0,500,2207.968556
0.0,500,2210.801544
0.0,500,2213.6989
0.0,500,2216.727057
0.0,500,2219.53706
0.0,500,2222.239516
0.0,500,2225.250852
0.0,500,2228.199644
0.0,500,2230.954468
0.0,500,2233.877937
0.0,500,2236.674776
0.0,500,2239.382569
0.0,500,2242.233056
0.0,500,2245.025755
0.0,500,2247.713312
0.0,500,2250.393209
0.0,500,2253.137061
0.0,500,2255.870825
0.0,500,2258.523788
0.0,500,2261.271199
0.0,500,2264.209369
0.0,500,2266.948505
0.0,500,2269.80132
0.0,500,2272.664814
0.0,500,2275.336741
0.0,500,2278.139815
0.0,500,2280.894941
0.0,500,2283.660015
0.0,500,2286.432584
0.0,500,2289.156561
0.0,500,2292.019359
0.0,500,2294.743259
0.0,500,2297.353423
0.0,500,2300.143112
0.0,500,2303.054915
0.0,500,2305.70907
0.0,500,2308.556002
0.0,500,2311.206581
0.0,500,2313.960809
0.0,500,2316.683579
0.0,500,2319.344603
0.0,500,2321.874788
0.0,500,2324.545229
0.0,500,2327.452392
0.0,500,2330.198236
0.0,500,2332.80548
0.0,500,2335.664684
0.0,500,2338.39335
0.0,500,2341.184587
0.0,500,2343.958259
0.0,500,2346.729275
0.0,500,2349.40088
0.0,500,2352.267479
0.0,500,2355.294803
0.0,500,2358.204652
0.0,500,2361.144182
0.0,500,2364.019444
0.0,500,2366.853085
0.0,500,2369.518345
0.0,500,2372.083795
0.0,500,2374.836436
0.0,500,2377.611948
0.0,500,2380.374032
0.0,500,2382.937137
0.0,500,2385.754305
0.0,500,2388.539349
0.0,500,2391.292581
0.0,500,2393.944019
0.0,500,2396.548381
0.0,500,2399.412728
0.0,500,2402.219731
0.0,500,2405.175645
0.0,500,2407.979967
0.0,500,2410.852652
0.0,500,2413.609209
0.0,500,2416.425981
0.0,500,2419.343027
0.0,500,2422.108011
0.0,500,2424.768522
0.0,500,2427.62349
0.0,500,2430.449581
0.0,500,2433.33452
0.0,500,2436.195945
0.0,500,2439.07735
0.0,500,2441.9976
0.0,500,2444.978388
0.0,500,2447.926545
0.0,500,2450.833085
0.0,500,2453.727194
0.0,500,2456.684912
0.0,500,2459.626486
0.0,500,2462.533784
0.0,500,2465.500062
0.0,500,2468.371579
0.0,500,2471.27751
0.0,500,2474.198035
0.0,500,2477.231868
0.0,500,2479.994598
0.0,500,2482.769044
0.0,500,2485.691572
0.0,500,2488.499742
0.0,500,2491.310267
0.0,500,2494.294005
0.0,500,2497.169023
0.0,500,2500.102395
0.0,500,2502.622781
0.0,500,2505.47243
0.0,500,2508.39429
0.0,500,2511.204676
0.0,500,2513.796722
0.0,500,2516.675698
0.0,500,2519.330423
0.0,500,2521.914786
0.0,500,2524.518728
0.0,500,2527.180819
0.0,500,2529.908474
0.0,500,2532.472265
0.0,500,2535.319026
0.0,500,2538.065297
0.0,500,2540.549672
0.0,500,2543.202559
0.0,500,2545.85244
0.0,500,2548.53528
0.0,500,2551.238085
0.0,500,2553.827499
0.0,500,2556.47523
0.0,500,2559.458476
0.0,500,2562.318362
0.0,500,2565.04604
0.0,500,2567.925699
0.0,500,2570.690433
0.0,500,2573.25818
0.0,500,2576.103181
0.0,500,2579.012817
0.0,500,2581.601451
0.0,500,2584.180054
0.0,500,2587.009247
0.0,500,2589.737418
0.0,500,2592.459031
0.0,500,2595.137336
0.0,500,2597.850617
0.0,500,2600.815035
0.0,500,2603.52472
0.0,500,2606.228785
0.0,500,2608.943093
0.0,500,2611.833193
0.0,500,2614.633947
0.0,500,2617.446401
0.0,500,2620.055965
0.0,500,2622.76715
0.0,500,2625.559776
0.0,500,2628.316749
0.0,500,2631.029176
0.0,500,2633.685799
0.0,500,2636.487147
0.0,500,2639.374491
0.0,500,2642.341845
0.0,500,2645.040428
0.0,500,2647.975009
0.0,500,2650.978324
0.0,500,2653.867605
0.0,500,2656.73246
0.0,500,2659.704408
0.0,500,2662.401086
0.0,500,2665.232522
0.0,500,2668.257838
0.0,500,2670.871378
0.0,500,2673.657385
0.0,500,2676.386911
0.0,500,2679.372047
0.0,500,2682.281803
0.0,500,2685.117208
0.0,500,2687.921853
0.0,500,2690.772642
0.0,500,2693.502308
0.0,500,2696.312347
0.0,500,2699.351706
0.0,500,2702.302004
0.0,500,2705.035894
0.0,500,2707.705356
0.0,500,2710.722574
0.0,500,2713.457852
0.0,500,2716.135123
0.0,500,2719.069416
0.0,500,2721.711805
0.0,500,2724.271634
0.0,500,2726.894318
0.0,500,2729.560969
0.0,500,2732.48092
0.0,500,2735.408015
0.0,500,2738.283678
0.0,500,2741.17173
0.0,500,2744.014348
0.0,500,2746.786926
0.0,500,2749.715981
0.0,500,2752.484073
0.0,500,2755.210637
0.0,500,2758.030185
0.0,500,2760.67154
0.0,500,2763.321094
0.0,500,2766.183456
0.0,500,2769.233159
0.0,500,2772.201334
0.0,500,2774.989293
0.0,500,2777.844386
0.0,500,2780.723351
0.0,500,2783.455683
0.0,500,2786.305464
0.0,500,2789.105448
0.0,500,2791.969427
0.0,500,2794.640392
0.0,500,2797.538882
0.0,500,2800.366804
0.0,500,2802.974727
0.0,500,2805.772288
0.0,500,2808.539868
0.0,500,2811.561667
0.0,500,2814.396706
0.0,500,2817.27323
0.0,500,2820.218318
0.0,500,2823.171752
0.0,500,2825.987702
0.0,500,2828.950686
0.0,500,2831.836254
0.0,500,2834.759309
0.0,500,2837.61288
0.0,500,2840.298759
0.0,500,2843.198243
0.0,500,2846.119936
0.0,500,2848.808903
0.0,500,2851.743489
0.0,500,2854.474439
0.0,500,2857.199739
0.0,500,2860.096081
0.0,500,2862.911949
0.0,500,2865.736291
0.0,500,2868.483833
0.0,500,2871.371929
0.0,500,2874.282804
0.0,500,2877.21294
0.0,500,2880.263321
0.0,500,2882.921162
0.0,500,2885.789549
0.0,500,2888.526983
0.0,500,2891.210137
0.0,500,2893.942672
0.0,500,2896.475765
0.0,500,2899.460103
0.0,500,2902.264265
0.0,500,2905.132429
0.0,500,2907.812762
0.0,500,2910.641634
0.0,500,2913.259533
0.0,500,2916.098121
0.0,500,2918.923863
0.0,500,2921.737301
0.0,500,2924.413665
0.0,500,2927.005446
0.0,500,2929.645566
0.0,500,2932.510496
0.0,500,2935.233138
0.0,500,2938.144116
0.0,500,2941.096786
0.0,500,2943.728018
0.0,500,2946.435481
0.0,500,2949.206309
0.0,500,2952.070424
0.0,500,2954.86103
0.0,500,2957.694486
0.0,500,2960.522799
0.0,500,2963.396402
0.0,500,2966.247758
0.0,500,2968.956632
0.0,500,2971.954342
0.0,500,2974.737514
0.0,500,2977.44998
0.0,500,2980.163658
0.0,500,2983.031603
0.0,500,2985.841767
0.0,500,2988.794426
0.0,500,2991.620393
0.0,500,2994.283263
0.0,500,2996.894598
0.0,500,2999.587723
0.0,500,3002.564488
0.0,500,3005.297415
0.0,500,3008.073722
0.0,500,3011.013206
0.0,500,3013.807449
0.0,500,3016.514553
0.0,500,3019.184254
0.0,500,3022.109179
0.0,500,3025.066945
0.0,500,3027.834776
0.0,500,3030.69585
0.0,500,3033.524014
0.0,500,3036.241808
0.0,500,3039.484956
0.0,500,3042.400122
0.0,500,3045.072889
0.0,500,3047.75527
0.0,500,3050.698932
0.0,500,3053.620565
0.0,500,3056.226165
0.0,500,3058.864241
0.0,500,3061.498509
0.0,500,3064.238513
0.0,500,3067.096506
0.0,500,3070.050257
0.0,500,3072.935048
0.0,500,3075.753959
0.0,500,3078.563398
0.0,500,3081.628013
0.0,500,3085.300872
0.0,500,3088.330126
0.0,500,3091.290069
0.0,500,3094.248495
0.0,500,3097.255004
0.0,500,3100.08616
0.0,500,3102.708517
0.0,500,3105.421661
0.0,500,3108.369451
0.0,500,3111.422674
0.0,500,3114.267327
0.0,500,3116.970309
0.0,500,3119.779597
0.0,500,3122.431199
0.0,500,3125.23732
0.0,500,3127.942972
0.0,500,3130.729663
0.0,500,3133.45059
0.0,500,3136.284925
0.0,500,3139.080668
0.0,500,3141.553921
0.0,500,3144.101914
0.0,500,3148.087946
0.0,500,3151.299746
0.0,500,3154.076596
0.0,500,3157.132283
0.0,500,3160.387193
0.0,500,3163.665816
0.0,500,3166.61804
0.0,500,3169.360841
0.0,500,3172.251368
0.0,500,3175.141451
0.0,500,3178.005064
0.0,500,3181.073555
0.0,500,3183.726363
0.0,500,3186.374437
0.0,500,3189.68982
0.0,500,3192.60763
0.0,500,3195.355747
0.0,500,3197.976856
0.0,500,3200.587532
0.0,500,3203.442714
0.0,500,3206.321776
0.0,500,3209.099844
0.0,500,3211.912976
0.0,500,3214.91026
0.0,500,3217.721238
0.0,500,3220.670145
0.0,500,3223.633744
0.0,500,3226.581029
0.0,500,3229.480736
0.0,500,3232.334513
0.0,500,3235.37744
0.0,500,3238.253505
0.0,500,3240.894952
0.0,500,3243.85967
0.0,500,3246.578729
0.0,500,3249.194284
0.0,500,3252.167703
0.0,500,3255.068466
0.0,500,3257.692095
0.0,500,3260.506111
0.0,500,3263.359333
0.0,500,3266.179949
0.0,500,3268.935567
0.0,500,3271.709633
0.0,500,3274.385781
0.0,500,3277.114638
0.0,500,3279.884232
0.0,500,3282.537737
0.0,500,3285.152581
0.0,500,3287.965396
0.0,500,3290.555021
0.0,500,3293.367266
0.0,500,3296.186239
0.0,500,3298.885791
0.0,500,3301.612758
0.0,500,3304.499002
0.0,500,3307.196622
0.0,500,3310.06033
0.0,500,3312.873456
0.0,500,3315.810036
0.0,500,3318.758887
0.0,500,3321.439493
0.0,500,3324.166888
0.0,500,3327.21283
0.0,500,3330.031728
0.0,500,3332.891003
0.0,500,3335.680071
0.0,500,3338.508805
0.0,500,3341.333954
0.0,500,3344.037392
0.0,500,3346.964327
0.0,500,3349.948272
0.0,500,3352.812486
0.0,500,3355.853902
0.0,500,3358.690692
0.0,500,3361.410783
0.0,500,3364.214752
0.0,500,3367.101249
0.0,500,3369.712777
0.0,500,3372.26979
0.0,500,3375.023353
0.0,500,3377.999003
0.0,500,3380.613584
0.0,500,3383.438613
0.0,500,3386.370641
0.0,500,3389.025764
0.0,500,3391.712998
0.0,500,3394.47147
0.0,500,3397.271836
0.0,500,3400.066792
0.0,500,3402.624371
0.0,500,3405.362313
0.0,500,3408.239124
0.0,500,3410.935015
0.0,500,3413.697446
0.0,500,3416.607338
0.0,500,3419.432329
0.0,500,3422.12279
0.0,500,3424.760315
0.0,500,3427.623451
0.0,500,3430.214001
0.0,500,3433.101044
0.0,500,3435.995732
0.0,500,3438.84488
0.0,500,3441.567922
0.0,500,3444.44282
0.0,500,3447.467707
0.0,500,3450.437475
0.0,500,3453.311885
0.0,500,3456.127973
0.0,500,3459.043402
0.0,500,3461.903778
0.0,500,3464.560987
0.0,500,3467.244862
0.0,500,3470.064123
0.0,500,3472.891121
0.0,500,3475.786735
0.0,500,3478.729435
0.0,500,3481.696101
0.0,500,3484.531292
0.0,500,3487.181354
0.0,500,3490.083806
0.0,500,3492.704009
0.0,500,3495.707526
0.0,500,3498.398884
0.0,500,3501.082465
0.0,500,3503.720031
0.0,500,3506.65286
0.0,500,3509.498068
0.0,500,3512.237342
0.0,500,3515.144835
0.0,500,3518.088177
0.0,500,3520.836786
0.0,500,3523.697854
0.0,500,3526.562203
0.0,500,3529.354171
0.0,500,3532.22612
0.0,500,3535.042456
0.0,500,3538.006295
0.0,500,3540.628303
0.0,500,3543.282317
0.0,500,3545.983135
0.0,500,3548.897628
0.0,500,3551.670266
0.0,500,3554.496004
0.0,500,3557.330549
0.0,500,3560.179843
0.0,500,3562.679332
0.0,500,3565.367478
0.0,500,3568.094077
0.0,500,3570.852094
0.0,500,3573.392967
0.0,500,3576.228799
0.0,500,3578.842915
0.0,500,3581.498093
0.0,500,3584.090459
0.0,500,3586.948307
0.0,500,3589.772729
0.0,500,3592.73656
0.0,500,3595.696336
0.0,500,3598.672528
0.0,500,3601.263332
0.0,500,3603.973406
0.0,500,3606.852171
0.0,500,3609.699155
0.0,500,3612.566177
0.0,500,3615.459028
0.0,500,3618.500755
0.0,500,3621.380274
0.0,500,3624.213612
0.0,500,3627.086453
0.0,500,3629.746071
0.0,500,3632.280085
0.0,500,3635.26332
0.0,500,3638.007057
0.0,500,3640.967698
0.0,500,3643.855203
0.0,500,3646.843635
0.0,500,3649.778539
0.0,500,3652.541885
0.0,500,3655.446579
0.0,500,3658.401543
0.0,500,3661.32683
0.0,500,3664.33214
0.0,500,3667.161384
0.0,500,3670.212317
0.0,500,3673.131443
0.0,500,3675.899909
0.0,500,3678.701805
0.0,500,3681.68212
0.0,500,3684.598983
0.0,500,3687.582544
0.0,500,3690.282502
0.0,500,3692.992443
0.0,500,3695.708267
0.0,500,3698.792749
0.0,500,3701.484809
0.0,500,3704.172045
0.0,500,3706.985775
0.0,500,3709.84451
0.0,500,3712.667221
0.0,500,3715.431445
0.0,500,3718.175223
0.0,500,3720.887193
0.0,500,3723.625739
0.0,500,3726.469761
0.0,500,3729.396657
0.0,500,3732.097449
0.0,500,3734.744104
0.0,500,3737.531298
0.0,500,3740.328669
0.0,500,3743.13376
0.0,500,3745.71995
0.0,500,3748.50708
0.0,500,3751.264465
0.0,500,3753.799187
0.0,500,3756.392198
0.0,500,3759.346127
0.0,500,3762.249268
0.0,500,3764.847141
0.0,500,3767.553834
0.0,500,3770.548181
0.0,500,3773.406215
0.0,500,3776.31095
0.0,500,3779.127769
0.0,500,3781.942349
0.0,500,3784.647885
0.0,500,3787.398611
0.0,500,3790.10554
0.0,500,3792.677507
0.0,500,3795.36492
0.0,500,3798.12776
0.0,500,3801.138907
0.0,500,3804.046725
0.0,500,3806.773076
0.0,500,3809.529217
0.0,500,3812.333458
0.0,500,3815.052121
0.0,500,3818.000227
0.0,500,3820.778999
0.0,500,3823.462547
0.0,500,3826.229304
0.0,500,3829.230487
0.0,500,3831.97435
0.0,500,3834.727409
0.0,500,3837.750513
0.0,500,3840.789575
0.0,500,3843.592066
0.0,500,3846.215842
0.0,500,3849.209965
0.0,500,3851.973956
0.0,500,3854.795012
0.0,500,3857.521932
0.0,500,3860.561218
0.0,500,3863.537354
0.0,500,3866.352322
0.0,500,3869.273319
0.0,500,3872.180693
0.0,500,3875.066095
0.0,500,3877.843597
0.0,500,3880.737542
0.0,500,3883.609834
0.0,500,3886.249371
0.0,500,3889.270217
0.0,500,3891.985483
0.0,500,3894.611016
0.0,500,3897.212545
0.0,500,3900.127196
0.0,500,3902.764059
0.0,500,3905.48588
0.0,500,3908.321347
0.0,500,3911.163256
0.0,500,3913.97701
0.0,500,3916.725489
0.0,500,3919.480185
0.0,500,3922.458974
0.0,500,3925.285714
0.0,500,3927.852946
0.0,500,3930.717291
0.0,500,3933.470252
0.0,500,3936.294892
0.0,500,3939.287068
0.0,500,3942.255013
0.0,500,3945.186661
0.0,500,3948.103677
0.0,500,3950.923407
0.0,500,3953.600462
0.0,500,3956.282786
0.0,500,3959.330506
0.0,500,3962.053313
0.0,500,3964.947168
0.0,500,3967.84102
0.0,500,3970.687125
0.0,500,3973.3616
0.0,500,3976.112265
0.0,500,3979.027876
0.0,500,3982.002793
0.0,500,3984.714969
0.0,500,3987.575434
0.0,500,3990.183458
0.0,500,3992.771707
0.0,500,3995.655617
0.0,500,3998.410398
0.0,500,4001.118795
0.0,500,4003.777638
0.0,500,4006.465093
0.0,500,4009.136322
0.0,500,4012.182454
0.0,500,4015.040148
0.0,500,4017.76607
0.0,500,4020.553973
0.0,500,4023.316207
0.0,500,4026.146649
0.0,500,4028.705595
0.0,500,4031.541142
0.0,500,4034.214339
0.0,500,4037.006644
0.0,500,4039.851497
0.0,500,4042.725032
0.0,500,4045.507746
0.0,500,4048.264434
0.0,500,4051.300564
0.0,500,4054.282145
0.0,500,4057.109075
0.0,500,4059.942966
0.0,500,4062.973029
0.0,500,4065.953326
0.0,500,4068.711989
0.0,500,4071.686955
0.0,500,4074.618861
0.0,500,4077.560271
0.0,500,4080.492031
0.0,500,4083.226764
0.0,500,4085.892661
0.0,500,4088.592858
0.0,500,4091.490114
0.0,500,4094.116183
0.0,500,4096.805
0.0,500,4099.800936
0.0,500,4102.667641
0.0,500,4105.224425
0.0,500,4107.854356
0.0,500,4110.562828
0.0,500,4113.48997
0.0,500,4116.372338
0.0,500,4119.227311
0.0,500,4122.112173
0.0,500,4125.027448
0.0,500,4127.90833
0.0,500,4130.921134
0.0,500,4133.787369
0.0,500,4136.680017
0.0,500,4139.230518
0.0,500,4142.231901
0.0,500,4144.976307
0.0,500,4147.594601
0.0,500,4150.165262
0.0,500,4152.882159
0.0,500,4155.829504
0.0,500,4158.813643
0.0,500,4161.749477
0.0,500,4164.495017
0.0,500,4167.106456
0.0,500,4169.633575
0.0,500,4172.549469
0.0,500,4175.243506
0.0,500,4177.839314
0.0,500,4180.632171
0.0,500,4183.624192
0.0,500,4186.523269
0.0,500,4189.332889
0.0,500,4192.11779
0.0,500,4194.775769
0.0,500,4197.573974
0.0,500,4200.494809
0.0,500,4203.299373
0.0,500,4205.966358
0.0,500,4208.662252
0.0,500,4211.576032
0.0,500,4214.53951
0.0,500,4217.207507
0.0,500,4219.975873
0.0,500,4222.698325
0.0,500,4225.645911
0.0,500,4228.378421
0.0,500,4231.284135
0.0,500,4234.280147
0.0,500,4237.015864
0.0,500,4239.800909
0.0,500,4242.57085
0.0,500,4245.539598
0.0,500,4248.336702
0.0,500,4251.160566
0.0,500,4254.004425
0.0,500,4256.918996
0.0,500,4259.826843
0.0,500,4262.463382
0.0,500,4265.342811
0.0,500,4268.13444
0.0,500,4270.799983
0.0,500,4273.61814
0.0,500,4276.493641
0.0,500,4279.381343
0.0,500,4281.991627
0.0,500,4284.868401
0.0,500,4287.735916
0.0,500,4290.296997
0.0,500,4292.885556
0.0,500,4295.749368
0.0,500,4298.532913
0.0,500,4301.133012
0.0,500,4304.039738
0.0,500,4306.917354
0.0,500,4309.687309
0.0,500,4312.470605
0.0,500,4315.40712
0.0,500,4318.203938
0.0,500,4321.089607
0.0,500,4323.977811
0.0,500,4326.822453
0.0,500,4329.521823
0.0,500,4332.151868
0.0,500,4335.002831
0.0,500,4337.922545
0.0,500,4340.504078
0.0,500,4343.429315
0.0,500,4346.15904
0.0,500,4348.73674
0.0,500,4351.309828
0.0,500,4354.088233
0.0,500,4357.0309
0.0,500,4359.887038
0.0,500,4362.719806
0.0,500,4365.507342
0.0,500,4368.190238
0.0,500,4370.970241
0.0,500,4373.737321
0.0,500,4376.641864
0.0,500,4379.421991
0.0,500,4382.145295
0.0,500,4384.788293
0.0,500,4387.777473
0.0,500,4390.637221
0.0,500,4393.463544
0.0,500,4396.193519
0.0,500,4398.937542
0.0,500,4401.745636
0.0,500,4404.546246
0.0,500,4407.504334
0.0,500,4410.267948
0.0,500,4412.992563
0.0,500,4415.874397
0.0,500,4418.769826
0.0,500,4421.355325
0.0,500,4424.153332
0.0,500,4427.139913
0.0,500,4430.054007
0.0,500,4432.992904
0.0,500,4435.9098
0.0,500,4438.781111
0.0,500,4441.497716
0.0,500,4444.370607
0.0,500,4446.957437
0.0,500,4449.597722
0.0,500,4452.542714
0.0,500,4455.428051
0.0,500,4458.241683
0.0,500,4460.961741
0.0,500,4463.613265
0.0,500,4466.573405
0.0,500,4469.132107
0.0,500,4471.778729
0.0,500,4474.733195
0.0,500,4477.374892
0.0,500,4480.21368
0.0,500,4483.011074
0.0,500,4485.948222
0.0,500,4488.820031
0.0,500,4491.332678
0.0,500,4494.14386
0.0,500,4496.983482
0.0,500,4499.93673
0.0,500,4502.645089
0.0,500,4505.424178
0.0,500,4508.166137
0.0,500,4511.045415
0.0,500,4513.847536
0.0,500,4516.808354
0.0,500,4519.567626
0.0,500,4522.196615
0.0,500,4525.071676
0.0,500,4527.818449
0.0,500,4530.349776
0.0,500,4532.956991
0.0,500,4535.60592
0.0,500,4538.494076
0.0,500,4541.381927
0.0,500,4544.130291
0.0,500,4546.924449
0.0,500,4549.658405
0.0,500,4552.463638
0.0,500,4555.27507
0.0,500,4558.070346
0.0,500,4560.981946
0.0,500,4563.714135
0.0,500,4566.420806
0.0,500,4569.108504
0.0,500,4571.833688
0.0,500,4574.559723
0.0,500,4577.48199
0.0,500,4580.237716
0.0,500,4582.843541
0.0,500,4585.672265
0.0,500,4588.447638
0.0,500,4591.167477
0.0,500,4593.929201
0.0,500,4596.808894
0.0,500,4599.773512
0.0,500,4602.642474
0.0,500,4605.588927
0.0,500,4608.5079
0.0,500,4611.159687
0.0,500,4613.773778
0.0,500,4616.57338
0.0,500,4619.569379
0.0,500,4622.536166
0.0,500,4625.397589
0.0,500,4628.352978
0.0,500,4631.055354
0.0,500,4633.788911
0.0,500,4636.642413
0.0,500,4639.333191
0.0,500,4642.253437
0.0,500,4645.207047
0.0,500,4648.121621
0.0,500,4650.882812
0.0,500,4653.580034
0.0,500,4656.501923
0.0,500,4659.408825
0.0,500,4662.329099
0.0,500,4665.193394
0.0,500,4668.174639
0.0,500,4670.788342
0.0,500,4673.409485
0.0,500,4676.33519
0.0,500,4679.309856
0.0,500,4682.007792
0.0,500,4684.876357
0.0,500,4687.692597
0.0,500,4690.410256
0.0,500,4693.085777
0.0,500,4696.054341
0.0,500,4698.863674
0.0,500,4701.571788
0.0,500,4704.317459
0.0,500,4707.367055
0.0,500,4710.071499
0.0,500,4712.833633
0.0,500,4715.584328
0.0,500,4718.264189
0.0,500,4721.0538
0.0,500,4723.652663
0.0,500,4726.634486
0.0,500,4729.341695
0.0,500,4732.234427
0.0,500,4734.950224
0.0,500,4737.686737
0.0,500,4740.424485
0.0,500,4743.139411
0.0,500,4745.797638
0.0,500,4748.433158
0.0,500,4751.041105
0.0,500,4753.820976
0.0,500,4756.570892
0.0,500,4759.332479
0.0,500,4762.243887
0.0,500,4765.165715
0.0,500,4767.931452
0.0,500,4770.638154
0.0,500,4773.280728
0.0,500,4776.212282
0.0,500,4779.107602
0.0,500,4781.765583
0.0,500,4784.358818
0.0,500,4787.128952
0.0,500,4790.011508
0.0,500,4792.589339
0.0,500,4795.320022
0.0,500,4798.232842
0.0,500,4801.102796
0.0,500,4803.878921
0.0,500,4806.48017
0.0,500,4809.321853
0.0,500,4812.177492
0.0,500,4815.109095
0.0,500,4818.041463
0.0,500,4820.979263
0.0,500,4823.818384
0.0,500,4826.428874
0.0,500,4829.389328
0.0,500,4832.192826
0.0,500,4834.843074
0.0,500,4837.603425
0.0,500,4840.3687
0.0,500,4843.233162
0.0,500,4846.031475
0.0,500,4848.695227
0.0,500,4851.511111
0.0,500,4854.381555
0.0,500,4857.303841
0.0,500,4860.194129
0.0,500,4862.900173
0.0,500,4865.463099
0.0,500,4868.376273
0.0,500,4871.397645
0.0,500,4874.304112
0.0,500,4877.01577
0.0,500,4879.978338
0.0,500,4882.934639
0.0,500,4885.831692
0.0,500,4888.83512
0.0,500,4891.698822
0.0,500,4894.447664
0.0,500,4897.111585
0.0,500,4899.965096
0.0,500,4902.601101
0.0,500,4905.162587
0.0,500,4908.08292
0.0,500,4910.788754
0.0,500,4913.476505
0.0,500,4916.287397
0.0,500,4919.044408
0.0,500,4921.868246
0.0,500,4924.509002
0.0,500,4927.232714
0.0,500,4929.883399
0.0,500,4932.511924
0.0,500,4935.383654
0.0,500,4938.11318
0.0,500,4941.01919
0.0,500,4943.722741
0.0,500,4946.353274
0.0,500,4949.219371
0.0,500,4951.968358
0.0,500,4954.620855
0.0,500,4957.318954
0.0,500,4960.054616
0.0,500,4962.944633
0.0,500,4965.702259
0.0,500,4968.502408
0.0,500,4971.281516
0.0,500,4974.069271
0.0,500,4976.687398
0.0,500,4979.625273
0.0,500,4982.33864
0.0,500,4984.883613
0.0,500,4987.51378
0.0,500,4990.397115
0.0,500,4993.119292
0.0,500,4995.906551
0.0,500,4998.583229
0.0,500,5001.227734
0.0,500,5004.042321
0.0,500,5006.75625
0.0,500,5009.565693
0.0,500,5012.577994
0.0,500,5015.158967
0.0,500,5017.782103
0.0,500,5020.58602
0.0,500,5023.379904
0.0,500,5026.130775
0.0,500,5028.952502
0.0,500,5031.951885
0.0,500,5034.65398
0.0,500,5037.340051
0.0,500,5039.943357
0.0,500,5042.591374
0.0,500,5045.496058
0.0,500,5048.356841
0.0,500,5051.082836
0.0,500,5053.666869
0.0,500,5056.511365
0.0,500,5059.180879
0.0,500,5061.912068
0.0,500,5064.442642
0.0,500,5067.062103
0.0,500,5069.678715
0.0,500,5072.515684
0.0,500,5075.092443
0.0,500,5077.889965
0.0,500,5080.968874
0.0,500,5083.913902
0.0,500,5086.550164
0.0,500,5089.104411
0.0,500,5091.83339
0.0,500,5094.730985
0.0,500,5097.616
0.0,500,5100.457877
0.0,500,5103.413595
0.0,500,5106.072011
0.0,500,5108.799958
0.0,500,5111.478177
0.0,500,5114.422036
0.0,500,5117.113903
0.0,500,5119.783027
0.0,500,5122.35908
0.0,500,5125.195725
0.0,500,5127.747434
0.0,500,5130.4272
0.0,500,5133.291497
0.0,500,5135.959629
0.0,500,5138.723233
0.0,500,5141.645185
0.0,500,5144.628585
0.0,500,5147.489095
0.0,500,5150.42276
0.0,500,5153.394143
0.0,500,5156.100104
0.0,500,5158.875896
0.0,500,5161.756181
0.0,500,5164.622265
0.0,500,5167.552015
0.0,500,5170.482639
0.0,500,5173.376976
0.0,500,5176.243069
0.0,500,5178.804993
0.0,500,5181.52395
0.0,500,5184.144594
0.0,500,5186.707751
0.0,500,5189.242671
0.0,500,5191.909367
0.0,500,5194.630415
0.0,500,5197.184872
0.0,500,5199.913256
0.0,500,5202.58222
0.0,500,5205.329909
0.0,500,5207.880221
0.0,500,5210.693671
0.0,500,5213.426042
0.0,500,5215.996663
0.0,500,5218.797324
0.0,500,5221.789785
0.0,500,5224.674814
0.0,500,5227.460966
0.0,500,5230.313912
0.0,500,5233.165133
0.0,500,5235.977186
0.0,500,5238.739442
0.0,500,5241.565242
0.0,500,5244.539871
0.0,500,5247.465433
0.0,500,5250.261077
0.0,500,5253.146847
0.0,500,5255.763485
0.0,500,5258.401675
0.0,500,5261.102709
0.0,500,5263.913376
0.0,500,5266.698328
0.0,500,5269.595949
0.0,500,5272.363784
0.0,500,5275.121896
0.0,500,5277.710323
0.0,500,5280.507414
0.0,500,5283.274212
0.0,500,5285.883459
0.0,500,5288.68447
0.0,500,5291.587295
0.0,500,5294.259951
0.0,500,5297.02149
0.0,500,5299.911481
0.0,500,5302.769102
0.0,500,5305.50505
0.0,500,5308.180506
0.0,500,5310.821403
0.0,500,5313.495533
0.0,500,5316.174559
0.0,500,5318.975972
0.0,500,5321.679128
0.0,500,5324.614224
0.0,500,5327.218305
0.0,500,5329.749875
0.0,500,5332.452002
0.0,500,5335.410413
0.0,500,5338.131984
0.0,500,5340.984019
0.0,500,5343.804754
0.0,500,5346.476446
0.0,500,5349.138789
0.0,500,5351.95755
0.0,500,5354.79777
0.0,500,5357.341247
0.0,500,5359.927147
0.0,500,5362.490982
0.0,500,5365.149032
0.0,500,5367.973532
0.0,500,5370.618855
0.0,500,5373.371699
0.0,500,5376.300838
0.0,500,5379.213083
0.0,500,5381.933806
0.0,500,5384.861055
0.0,500,5387.559566
0.0,500,5390.288563
0.0,500,5393.177045
0.0,500,5396.186789
0.0,500,5399.134318
0.0,500,5401.996278
0.0,500,5404.746554
0.0,500,5407.386556
0.0,500,5410.090647
0.0,500,5412.920682
0.0,500,5415.938933
0.0,500,5418.888245
0.0,500,5421.794798
0.0,500,5424.796103
0.0,500,5427.710012
0.0,500,5430.541427
0.0,500,5433.411502
0.0,500,5436.400695
0.0,500,5439.24565
0.0,500,5442.079593
0.0,500,5444.988675
0.0,500,5447.712456
0.0,500,5450.329867
0.0,500,5452.96034
0.0,500,5455.778648
0.0,500,5458.315044
0.0,500,5461.155424
0.0,500,5463.824067
0.0,500,5466.558897
0.0,500,5469.252982
0.0,500,5472.032159
0.0,500,5474.823465
0.0,500,5477.38596
0.0,500,5480.017138
0.0,500,5482.668783
0.0,500,5485.40328
0.0,500,5488.251373
0.0,500,5490.988122
0.0,500,5493.836318
0.0,500,5496.527973
0.0,500,5499.350366
0.0,500,5502.19434
0.0,500,5505.168904
0.0,500,5507.757419
0.0,500,5510.591773
0.0,500,5513.458302
0.0,500,5516.430787
0.0,500,5519.2281
0.0,500,5522.027405
0.0,500,5524.778937
0.0,500,5527.589724
0.0,500,5530.16049
0.0,500,5532.837883
0.0,500,5535.722655
0.0,500,5538.545288
0.0,500,5541.417226
0.0,500,5544.322434
0.0,500,5547.088181
0.0,500,5549.77462
0.0,500,5552.410567
0.0,500,5555.331472
0.0,500,5558.09656
0.0,500,5560.949697
0.0,500,5563.72115
0.0,500,5566.628918
0.0,500,5569.371467
0.0,500,5572.229131
0.0,500,5574.882077
0.0,500,5577.653283
0.0,500,5580.245759
0.0,500,5583.093381
0.0,500,5585.684794
0.0,500,5588.459724
0.0,500,5591.068484
0.0,500,5593.911468
0.0,500,5596.745759
0.0,500,5599.530404
0.0,500,5602.143006
0.0,500,5604.952591
0.0,500,5607.793185
0.0,500,5610.433887
0.0,500,5613.144541
0.0,500,5615.970203
0.0,500,5618.592855
0.0,500,5621.207637
0.0,500,5624.19475
0.0,500,5627.170232
0.0,500,5629.915391
0.0,500,5632.756719
0.0,500,5635.519411
0.0,500,5638.537092
0.0,500,5641.481807
0.0,500,5644.190732
0.0,500,5647.048118
0.0,500,5649.685769
0.0,500,5652.508483
0.0,500,5655.304861
0.0,500,5658.040983
0.0,500,5660.605295
0.0,500,5663.385636
0.0,500,5666.041032
0.0,500,5668.664821
0.0,500,5671.310227
0.0,500,5674.160588
0.0,500,5676.974995
0.0,500,5679.964577
0.0,500,5682.70817
0.0,500,5685.459561
0.0,500,5688.086728
0.0,500,5691.065894
0.0,500,5693.802577
0.0,500,5696.754563
0.0,500,5699.687255
0.0,500,5702.632469
0.0,500,5705.545008
0.0,500,5708.178565
0.0,500,5710.898638
0.0,500,5713.494694
0.0,500,5716.247095
0.0,500,5719.16783
0.0,500,5721.975886
0.0,500,5724.526569
0.0,500,5727.393016
0.0,500,5730.447939
0.0,500,5733.433074
0.0,500,5736.514107
0.0,500,5739.403087
0.0,500,5742.295659
0.0,500,5745.055076
0.0,500,5747.754882
0.0,500,5750.528886
0.0,500,5753.123814
0.0,500,5755.999903
0.0,500,5758.763511
0.0,500,5761.519091
0.0,500,5764.258141
0.0,500,5767.111339
0.0,500,5769.889262
0.0,500,5772.52981
0.0,500,5775.336067
0.0,500,5778.38022
0.0,500,5781.059861
0.0,500,5783.721421
0.0,500,5786.442401
0.0,500,5789.286834
0.0,500,5792.169428
0.0,500,5794.998453
0.0,500,5797.822928
0.0,500,5800.826155
0.0,500,5803.509947
0.0,500,5806.204923
0.0,500,5809.208956
0.0,500,5812.194765
0.0,500,5815.129859
0.0,500,5818.037652
0.0,500,5820.926274
0.0,500,5823.644592
0.0,500,5826.510496
0.0,500,5829.22015
0.0,500,5831.914324
0.0,500,5834.56845
0.0,500,5837.477563
0.0,500,5840.296615
0.0,500,5843.107193
0.0,500,5845.870559
0.0,500,5848.922372
0.0,500,5851.857823
0.0,500,5854.675561
0.0,500,5857.655321
0.0,500,5860.530122
0.0,500,5863.35787
0.0,500,5865.971267
0.0,500,5868.693555
0.0,500,5871.553853
0.0,500,5874.133587
0.0,500,5877.116745
0.0,500,5880.235474
0.0,500,5883.103468
0.0,500,5885.810827
0.0,500,5888.48087
0.0,500,5891.474628
0.0,500,5894.362375
0.0,500,5896.97128
0.0,500,5899.689966
0.0,500,5902.276151
0.0,500,5905.06742
0.0,500,5907.720298
0.0,500,5910.49578
0.0,500,5913.108486
0.0,500,5915.928459
0.0,500,5918.982203
0.0,500,5921.795995
0.0,500,5924.353082
0.0,500,5927.18988
0.0,500,5930.210853
0.0,500,5932.928048
0.0,500,5935.514847
0.0,500,5938.180806
0.0,500,5941.034125
0.0,500,5943.931809
0.0,500,5946.471077
0.0,500,5949.441532
0.0,500,5952.118999
0.0,500,5954.860876
0.0,500,5957.521209
0.0,500,5960.427589
0.0,500,5963.132142
0.0,500,5965.944278
0.0,500,5968.806906
0.0,500,5971.498045
0.0,500,5974.359522
0.0,500,5977.063694
0.0,500,5979.918125
0.0,500,5982.619819
0.0,500,5985.442187
0.0,500,5988.265487
0.0,500,5990.992109
0.0,500,5993.988511
0.0,500,5996.597576
0.0,500,5999.433852
0.0,500,6002.185697
0.0,500,6004.945534
0.0,500,6007.915932
0.0,500,6010.644708
0.0,500,6013.38816
0.0,500,6015.940097
0.0,500,6018.553078
0.0,500,6021.334178
0.0,500,6023.939465
0.0,500,6026.671822
0.0,500,6029.657564
0.0,500,6032.466859
0.0,500,6035.090927
0.0,500,6038.028857
0.0,500,6040.838457
0.0,500,6043.759626
0.0,500,6046.691609
0.0,500,6049.685176
0.0,500,6052.374994
0.0,500,6055.206233
0.0,500,6058.136288
0.0,500,6061.077331
0.0,500,6063.970007
0.0,500,6066.540045
0.0,500,6069.192244
0.0,500,6072.228142
0.0,500,6075.166668
0.0,500,6077.753085
0.0,500,6080.588044
0.0,500,6083.570361
0.0,500,6086.361225
0.0,500,6089.075874
0.0,500,6091.843753
0.0,500,6094.521267
0.0,500,6097.334365
0.0,500,6100.267469
0.0,500,6103.090102
0.0,500,6105.65898
0.0,500,6108.283349
0.0,500,6111.121196
0.0,500,6114.046855
0.0,500,6116.746983
0.0,500,6119.504683
0.0,500,6122.363444
0.0,500,6125.104361
0.0,500,6127.990148
0.0,500,6130.797278
0.0,500,6133.607719
0.0,500,6136.338412
0.0,500,6139.337154
0.0,500,6142.259706
0.0,500,6145.181342
0.0,500,6147.957685
0.0,500,6150.640885
0.0,500,6153.637315
0.0,500,6156.301146
0.0,500,6158.931653
0.0,500,6161.768247
0.0,500,6164.381551
0.0,500,6167.21856
0.0,500,6170.210461
0.0,500,6172.92119
0.0,500,6175.761599
0.0,500,6178.38616
0.0,500,6181.216089
0.0,500,6183.884538
0.0,500,6186.717382
0.0,500,6189.607168
0.0,500,6192.577744
0.0,500,6195.585197
0.0,500,6198.372039
0.0,500,6201.248198
0.0,500,6204.167935
0.0,500,6206.737235
0.0,500,6209.677322
0.0,500,6212.631952
0.0,500,6215.297773
0.0,500,6218.074633
0.0,500,6220.867636
0.0,500,6223.672234
0.0,500,6226.56513
0.0,500,6229.273355
0.0,500,6231.92501
0.0,500,6234.845153
0.0,500,6237.709925
0.0,500,6240.597795
0.0,500,6243.162566
0.0,500,6246.022362
0.0,500,6248.857464
0.0,500,6251.688609
0.0,500,6254.595751
0.0,500,6257.216986
0.0,500,6259.876419
0.0,500,6262.546222
0.0,500,6265.320068
0.0,500,6267.909561
0.0,500,6270.826235
0.0,500,6273.647238
0.0,500,6276.448121
0.0,500,6279.362518
0.0,500,6282.299117
0.0,500,6285.004409
0.0,500,6287.604353
0.0,500,6290.504401
0.0,500,6293.305261
0.0,500,6296.294708
0.0,500,6299.257534
0.0,500,6302.165636
0.0,500,6305.152834
0.0,500,6307.951765
0.0,500,6310.611967
0.0,500,6313.456569
0.0,500,6316.197277
0.0,500,6318.98816
0.0,500,6321.822043
0.0,500,6324.716727
0.0,500,6327.515426
0.0,500,6330.419741
0.0,500,6333.133079
0.0,500,6336.059283
0.0,500,6338.724082
0.0,500,6341.386134
0.0,500,6344.399053
0.0,500,6347.321717
0.0,500,6349.994392
0.0,500,6352.810983
0.0,500,6355.68937
0.0,500,6358.415522
0.0,500,6361.357844
0.0,500,6364.307843
0.0,500,6367.243832
0.0,500,6369.762149
0.0,500,6372.53177
0.0,500,6375.287035
0.0,500,6377.970648
0.0,500,6380.847605
0.0,500,6383.685919
0.0,500,6386.308037
0.0,500,6388.929018
0.0,500,6391.660102
0.0,500,6394.613705
0.0,500,6397.450271
0.0,500,6400.220548
0.0,500,6403.155786
0.0,500,6405.855506
0.0,500,6408.759173
0.0,500,6411.439924
0.0,500,6414.079029
0.0,500,6416.882238
0.0,500,6419.644782
0.0,500,6422.543932
0.0,500,6425.30863
0.0,500,6428.179041
0.0,500,6430.753686
0.0,500,6433.691068
0.0,500,6436.414837
0.0,500,6439.209335
0.0,500,6441.915225
0.0,500,6444.844823
0.0,500,6447.581884
0.0,500,6450.478609
0.0,500,6453.242389
0.0,500,6456.060909
0.0,500,6458.691296
0.0,500,6461.438676
0.0,500,6464.283056
0.0,500,6467.110425
0.0,500,6470.001752
0.0,500,6472.839281
0.0,500,6475.76518
0.0,500,6478.514381
0.0,500,6481.278292
0.0,500,6484.304327
0.0,500,6487.276301
0.0,500,6490.200744
0.0,500,6493.123538
0.0,500,6496.20052
0.0,500,6499.075949
0.0,500,6501.668416
0.0,500,6504.661771
0.0,500,6507.396036
0.0,500,6509.924821
0.0,500,6512.609958
0.0,500,6515.446092
0.0,500,6518.333821
0.0,500,6521.457936
0.0,500,6524.935508
0.0,500,6527.927741
0.0,500,6530.827175
0.0,500,6533.885662
0.0,500,6537.975111
0.0,500,6540.967843
0.0,500,6543.985822
0.0,500,6546.790122
0.0,500,6549.490218
0.0,500,6552.297164
0.0,500,6555.08488
0.0,500,6557.990093
0.0,500,6560.643209
0.0,500,6563.323365
0.0,500,6566.150065
0.0,500,6568.822187
0.0,500,6571.776567
0.0,500,6574.647947
0.0,500,6577.551011
0.0,500,6580.255877
0.0,500,6582.909162
0.0,500,6585.588037
0.0,500,6588.630657
0.0,500,6591.304448
0.0,500,6594.163547
0.0,500,6596.958724
0.0,500,6599.501243
0.0,500,6602.227646
0.0,500,6605.196658
0.0,500,6608.146943
0.0,500,6611.0445
0.0,500,6613.724847
0.0,500,6616.370238
0.0,500,6619.279485
0.0,500,6621.905927
0.0,500,6624.635141
0.0,500,6627.531383
0.0,500,6630.422748
0.0,500,6633.313496
0.0,500,6636.18461
0.0,500,6639.145225
0.0,500,6641.888365
0.0,500,6644.496207
0.0,500,6647.294179
0.0,500,6650.149213
0.0,500,6652.90798
0.0,500,6655.695974
0.0,500,6658.393984
0.0,500,6661.307722
0.0,500,6664.228583
0.0,500,6667.229613
0.0,500,6670.087407
0.0,500,6672.71575
0.0,500,6675.589768
0.0,500,6678.431926
0.0,500,6681.329138
0.0,500,6684.032953
0.0,500,6686.973419
0.0,500,6689.720537
0.0,500,6692.413776
0.0,500,6695.353557
0.0,500,6698.152182
0.0,500,6700.892451
0.0,500,6703.623479
0.0,500,6706.619002
0.0,500,6709.55506
0.0,500,6712.459637
0.0,500,6715.371418
0.0,500,6718.360344
0.0,500,6721.125602
0.0,500,6723.840622
0.0,500,6726.76153
0.0,500,6729.496403
0.0,500,6732.247352
0.0,500,6735.198394
0.0,500,6737.900849
0.0,500,6740.880237
0.0,500,6743.615779
0.0,500,6746.666211
0.0,500,6749.612058
0.0,500,6752.555545
0.0,500,6755.557484
0.0,500,6758.377584
0.0,500,6761.208915
0.0,500,6763.79435
0.0,500,6766.799618
0.0,500,6769.522877
0.0,500,6772.19038
0.0,500,6775.119154
0.0,500,6778.098806
0.0,500,6780.973757
0.0,500,6783.710773
0.0,500,6786.350211
0.0,500,6789.171509
0.0,500,6792.013457
0.0,500,6794.777848
0.0,500,6797.712209
0.0,500,6800.473532
0.0,500,6803.308042
0.0,500,6805.937807
0.0,500,6808.865783
0.0,500,6811.746204
0.0,500,6814.394216
0.0,500,6817.155022
0.0,500,6819.837108
0.0,500,6822.450759
0.0,500,6825.071919
0.0,500,6827.6457
0.0,500,6830.298026
0.0,500,6833.154462
0.0,500,6835.940273
0.0,500,6838.941446
0.0,500,6841.773611
0.0,500,6844.456376
0.0,500,6847.20148
0.0,500,6850.210665
0.0,500,6853.014435
0.0,500,6855.783309
0.0,500,6858.656625
0.0,500,6861.366348
0.0,500,6864.018008
0.0,500,6866.898841
0.0,500,6869.619534
0.0,500,6872.330804
0.0,500,6875.102204
0.0,500,6877.972677
0.0,500,6880.76286
0.0,500,6883.297663
0.0,500,6886.032557
0.0,500,6888.951103
0.0,500,6891.716476
0.0,500,6894.339491
0.0,500,6897.348954
0.0,500,6900.265077
0.0,500,6903.028181
0.0,500,6905.882633
0.0,500,6908.607061
0.0,500,6911.468764
0.0,500,6914.375072
0.0,500,6916.990462
0.0,500,6919.98567
0.0,500,6922.824786
0.0,500,6925.520747
0.0,500,6928.186293
0.0,500,6930.805693
0.0,500,6933.406829
0.0,500,6936.053428
0.0,500,6938.884024
0.0,500,6941.525171
0.0,500,6944.191858
0.0,500,6946.756853
0.0,500,6949.424265
0.0,500,6952.143587
0.0,500,6954.957434
0.0,500,6957.804797
0.0,500,6960.669406
0.0,500,6963.386013
0.0,500,6966.24416
0.0,500,6969.204684
0.0,500,6972.082771
0.0,500,6974.789286
0.0,500,6977.631744
0.0,500,6980.525496
0.0,500,6983.378265
0.0,500,6986.084984
0.0,500,6989.070215
0.0,500,6991.808235
0.0,500,6994.637176
0.0,500,6997.521982
0.0,500,7000.475626
0.0,500,7003.400134
0.0,500,7006.133624
0.0,500,7009.0872
0.0,500,7011.950148
0.0,500,7014.870777
0.0,500,7017.841129
0.0,500,7020.632111
0.0,500,7023.464483
0.0,500,7026.234287
0.0,500,7029.002547
0.0,500,7031.927459
0.0,500,7034.63893
0.0,500,7037.492399
0.0,500,7040.53243
0.0,500,7043.226947
0.0,500,7045.994267
0.0,500,7048.774777
0.0,500,7051.503924
0.0,500,7054.383298
0.0,500,7057.305188
0.0,500,7060.050653
0.0,500,7062.926915
0.0,500,7065.667769
0.0,500,7068.59552
0.0,500,7071.564258
0.0,500,7074.253646
0.0,500,7076.857659
0.0,500,7079.820652
0.0,500,7082.811053
0.0,500,7085.624478
0.0,500,7088.175641
0.0,500,7091.047878
0.0,500,7093.711766
0.0,500,7096.25453
0.0,500,7098.968533
0.0,500,7101.978963
0.0,500,7104.756996
0.0,500,7107.482613
0.0,500,7110.214039
0.0,500,7113.127561
0.0,500,7115.843678
0.0,500,7118.611804
0.0,500,7121.401321
0.0,500,7124.094738
0.0,500,7126.952302
0.0,500,7129.664065
0.0,500,7132.649988
0.0,500,7135.536102
0.0,500,7138.402204
0.0,500,7141.418122
0.0,500,7144.006833
0.0,500,7146.658392
0.0,500,7149.373793
0.0,500,7152.382697
0.0,500,7155.328763
0.0,500,7158.163776
0.0,500,7160.96332
0.0,500,7163.534394
0.0,500,7166.414543
0.0,500,7169.376748
0.0,500,7172.165662
0.0,500,7174.766594
0.0,500,7177.52809
0.0,500,7180.438861
0.0,500,7183.449005
0.0,500,7186.363512
0.0,500,7189.30248
0.0,500,7192.172791
0.0,500,7194.922343
0.0,500,7197.544202
0.0,500,7200.264793
0.0,500,7203.099151
0.0,500,7205.84769
0.0,500,7208.575721
0.0,500,7211.307975
0.0,500,7213.945324
0.0,500,7216.636057
0.0,500,7219.240444
0.0,500,7221.915441
0.0,500,7224.655939
0.0,500,7227.531108
0.0,500,7230.322506
0.0,500,7233.268111
0.0,500,7235.895952
0.0,500,7238.544286
0.0,500,7241.173163
0.0,500,7244.005481
0.0,500,7246.674445
0.0,500,7249.382915
0.0,500,7252.08354
0.0,500,7254.867415
0.0,500,7257.408286
0.0,500,7260.060984
0.0,500,7263.053202
0.0,500,7265.67953
0.0,500,7268.283227
0.0,500,7271.171541
0.0,500,7274.06103
0.0,500,7276.961299
0.0,500,7279.737885
0.0,500,7282.588838
0.0,500,7285.303772
0.0,500,7288.055151
0.0,500,7290.737023
0.0,500,7293.455467
0.0,500,7296.079509
0.0,500,7298.80492
0.0,500,7301.553645
0.0,500,7304.212618
0.0,500,7306.938682
0.0,500,7309.794367
0.0,500,7312.372429
0.0,500,7315.041597
0.0,500,7317.962018
0.0,500,7320.585335
0.0,500,7323.273357
0.0,500,7326.189192
0.0,500,7328.840925
0.0,500,7331.637299
0.0,500,7334.577855
0.0,500,7337.478582
0.0,500,7340.105056
0.0,500,7342.856803
0.0,500,7345.538471
0.0,500,7348.376362
0.0,500,7351.076512
0.0,500,7353.969319
0.0,500,7356.752622
0.0,500,7359.309271
0.0,500,7361.954244
0.0,500,7364.801907
0.0,500,7367.700326
0.0,500,7370.559139
0.0,500,7373.241846
0.0,500,7376.228531
0.0,500,7378.859203
0.0,500,7381.757698
0.0,500,7384.548586
0.0,500,7387.165366
0.0,500,7389.820859
0.0,500,7392.728786
0.0,500,7395.485688
0.0,500,7398.284828
0.0,500,7401.093514
0.0,500,7403.87716
0.0,500,7406.587352
0.0,500,7409.276279
0.0,500,7412.121321
0.0,500,7414.780222
0.0,500,7417.663431
0.0,500,7420.555714
0.0,500,7423.344959
0.0,500,7426.05008
0.0,500,7428.811711
0.0,500,7431.512139
0.0,500,7434.513499
0.0,500,7437.483289
0.0,500,7440.393009
0.0,500,7443.43111
0.0,500,7446.340783
0.0,500,7448.978828
0.0,500,7451.638325
0.0,500,7454.545149
0.0,500,7457.337784
0.0,500,7459.933032
0.0,500,7462.912984
0.0,500,7465.694648
0.0,500,7468.392314
0.0,500,7471.011993
0.0,500,7473.693956
0.0,500,7476.410275
0.0,500,7479.306562
0.0,500,7482.044286
0.0,500,7484.885837
0.0,500,7487.596082
0.0,500,7490.296003
0.0,500,7493.169747
0.0,500,7495.967719
0.0,500,7498.593862
0.0,500,7501.237375
0.0,500,7504.125811
0.0,500,7507.064647
0.0,500,7509.824335
0.0,500,7512.713003
0.0,500,7515.412708
0.0,500,7518.067473
0.0,500,7520.644855
0.0,500,7523.296537
0.0,500,7525.976283
0.0,500,7528.625479
0.0,500,7531.348422
0.0,500,7534.080851
0.0,500,7537.04793
0.0,500,7539.791945
0.0,500,7542.496637
0.0,500,7545.329229
0.0,500,7548.186839
0.0,500,7550.713403
0.0,500,7553.435882
0.0,500,7556.352596
0.0,500,7559.22807
0.0,500,7562.202677
0.0,500,7565.210243
0.0,500,7567.917865
0.0,500,7570.757064
0.0,500,7573.696878
0.0,500,7576.712055
0.0,500,7579.243897
0.0,500,7582.207597
0.0,500,7584.937968
0.0,500,7587.706276
0.0,500,7590.45789
0.0,500,7593.012268
0.0,500,7595.650659
0.0,500,7598.35832
0.0,500,7601.110749
0.0,500,7604.168777
0.0,500,7606.882843
0.0,500,7609.414885
0.0,500,7612.312381
0.0,500,7615.265599
0.0,500,7618.098279
0.0,500,7620.716452
0.0,500,7623.634022
0.0,500,7626.290538
0.0,500,7628.920635
0.0,500,7631.721648
0.0,500,7634.501704
0.0,500,7637.300058
0.0,500,7639.890909
0.0,500,7642.447192
0.0,500,7645.053641
0.0,500,7647.874223
0.0,500,7650.400618
0.0,500,7653.221843
0.0,500,7655.929444
0.0,500,7658.896823
0.0,500,7662.43273
0.0,500,7665.431536
0.0,500,7668.172987
0.0,500,7671.752466
0.0,500,7675.834042
0.0,500,7678.678489
0.0,500,7681.996478
0.0,500,7684.906725
0.0,500,7687.929827
0.0,500,7690.827619
0.0,500,7693.708808
0.0,500,7696.508741
0.0,500,7699.279141
0.0,500,7701.827572
0.0,500,7704.375837
0.0,500,7707.035203
0.0,500,7709.578865
0.0,500,7712.167527
0.0,500,7714.945801
0.0,500,7717.796993
0.0,500,7720.403388
0.0,500,7723.074611
0.0,500,7725.772916
0.0,500,7728.679988
0.0,500,7731.499197
0.0,500,7734.119267
0.0,500,7737.137175
0.0,500,7739.718443
0.0,500,7742.41662
0.0,500,7745.125468
0.0,500,7747.94514
0.0,500,7750.876905
0.0,500,7753.682302
0.0,500,7756.54952
0.0,500,7759.269362
0.0,500,7761.886751
0.0,500,7764.866809
0.0,500,7767.527769
0.0,500,7770.344547
0.0,500,7773.08052
0.0,500,7775.74654
0.0,500,7778.689819
0.0,500,7781.26484
0.0,500,7783.853516
0.0,500,7786.629101
0.0,500,7789.540888
0.0,500,7792.042487
0.0,500,7794.688761
0.0,500,7797.417945
0.0,500,7800.238671
0.0,500,7803.070924
0.0,500,7805.92686
0.0,500,7808.894474
0.0,500,7811.808542
0.0,500,7814.606942
0.0,500,7817.249881
0.0,500,7820.010352
0.0,500,7822.942093
0.0,500,7825.842849
0.0,500,7828.621737
0.0,500,7831.34745
0.0,500,7834.233709
0.0,500,7836.992093
0.0,500,7839.564502
0.0,500,7842.225921
0.0,500,7844.956862
0.0,500,7847.68874
0.0,500,7850.412448
0.0,500,7853.290573
0.0,500,7856.279576
0.0,500,7859.292802
0.0,500,7862.149547
0.0,500,7864.873555
0.0,500,7867.666158
0.0,500,7870.624617
0.0,500,7873.397692
0.0,500,7876.338269
0.0,500,7879.080889
0.0,500,7882.05384
0.0,500,7884.965941
0.0,500,7887.755453
0.0,500,7890.377466
0.0,500,7893.193501
0.0,500,7895.876611
0.0,500,7898.98169
0.0,500,7901.664664
0.0,500,7904.42912
0.0,500,7907.203076
0.0,500,7910.085672
0.0,500,7912.614345
0.0,500,7915.408363
0.0,500,7918.01364
0.0,500,7920.741292
0.0,500,7923.658972
0.0,500,7926.419948
0.0,500,7929.174243
0.0,500,7931.900055
0.0,500,7934.709893
0.0,500,7937.64625
0.0,500,7940.422236
0.0,500,7943.076384
0.0,500,7945.711593
0.0,500,7948.429886
0.0,500,7951.331167
0.0,500,7954.240876
0.0,500,7957.061136
0.0,500,7959.717569
0.0,500,7962.618289
0.0,500,7965.218016
0.0,500,7968.06912
0.0,500,7970.92288
0.0,500,7973.736732
0.0,500,7976.288817
0.0,500,7979.051008
0.0,500,7981.894163
0.0,500,7984.587496
0.0,500,7987.396792
0.0,500,7990.094214
0.0,500,7992.783836
0.0,500,7995.694144
0.0,500,7998.652268
0.0,500,8001.45348
0.0,500,8004.003529
0.0,500,8006.92772
0.0,500,8009.787699
0.0,500,8012.713262
0.0,500,8015.368701
0.0,500,8018.224987
0.0,500,8020.898853
0.0,500,8023.765004
0.0,500,8026.634849
0.0,500,8029.353725
0.0,500,8032.221904
0.0,500,8034.863129
0.0,500,8037.653421
0.0,500,8040.543411
0.0,500,8043.214485
0.0,500,8045.869571
0.0,500,8048.743353
0.0,500,8051.676631
0.0,500,8054.357825
0.0,500,8057.236917
0.0,500,8059.857002
0.0,500,8062.81248
0.0,500,8065.481221
0.0,500,8068.130581
0.0,500,8071.125229
0.0,500,8074.092912
0.0,500,8076.947202
0.0,500,8079.706424
0.0,500,8082.543787
0.0,500,8085.352801
0.0,500,8088.170321
0.0,500,8091.039771
0.0,500,8093.887863
0.0,500,8096.628531
0.0,500,8099.419474
0.0,500,8102.138875
0.0,500,8105.056393
0.0,500,8107.725909
0.0,500,8110.724856
0.0,500,8113.609254
0.0,500,8116.340318
0.0,500,8119.266991
0.0,500,8122.096331
0.0,500,8124.923115
0.0,500,8127.650787
0.0,500,8130.516612
0.0,500,8133.165618
0.0,500,8135.704786
0.0,500,8138.316658
0.0,500,8141.180747
0.0,500,8143.865721
0.0,500,8146.466956
0.0,500,8149.057587
0.0,500,8151.976042
0.0,500,8154.863146
0.0,500,8157.444879
0.0,500,8160.187577
0.0,500,8163.015302
0.0,500,8165.723851
0.0,500,8168.434972
0.0,500,8171.1069
0.0,500,8173.761185
0.0,500,8176.510143
0.0,500,8179.099929
0.0,500,8181.930885
0.0,500,8184.69761
0.0,500,8187.384851
0.0,500,8190.126104
0.0,500,8192.90711
0.0,500,8195.659414
0.0,500,8198.687073
0.0,500,8201.616729
0.0,500,8204.539629
0.0,500,8207.331036
0.0,500,8210.36007
0.0,500,8213.094393
0.0,500,8215.847395
0.0,500,8218.820038
0.0,500,8221.860413
0.0,500,8224.746415
0.0,500,8227.403636
0.0,500,8230.300713
0.0,500,8233.240545
0.0,500,8236.091338
0.0,500,8238.762105
0.0,500,8241.449293
0.0,500,8243.997365
0.0,500,8246.665697
0.0,500,8249.374883
0.0,500,8252.072913
0.0,500,8255.065746
0.0,500,8257.990116
0.0,500,8260.888035
0.0,500,8263.902007
0.0,500,8266.801644
0.0,500,8269.718519
0.0,500,8272.449239
0.0,500,8275.094879
0.0,500,8277.767861
0.0,500,8280.5623
0.0,500,8283.216418
0.0,500,8286.165406
0.0,500,8289.069092
0.0,500,8292.050657
0.0,500,8295.002384
0.0,500,8297.933606
0.0,500,8300.722406
0.0,500,8303.449
0.0,500,8306.19339
0.0,500,8308.92607
0.0,500,8311.698192
0.0,500,8314.549587
0.0,500,8317.208136
0.0,500,8320.020972
0.0,500,8322.73317
0.0,500,8325.620008
0.0,500,8328.134352
0.0,500,8330.923271
0.0,500,8333.603844
0.0,500,8336.323977
0.0,500,8338.979021
0.0,500,8341.849056
0.0,500,8344.57414
0.0,500,8347.176687
0.0,500,8349.892958
0.0,500,8352.67774
0.0,500,8355.418382
0.0,500,8358.325281
0.0,500,8361.152662
0.0,500,8364.017622
0.0,500,8366.644606
0.0,500,8369.609824
0.0,500,8372.374173
0.0,500,8375.0314
0.0,500,8377.89536
0.0,500,8380.809125
0.0,500,8383.545596
0.0,500,8386.136436
0.0,500,8388.733521
0.0,500,8391.371283
0.0,500,8394.375602
