#{"t_start": 1718801376.9242535, "env_id": "None"}
r,l,t
-1143.198188,500,3.501792
-1238.175726,500,7.60786
-1296.134886,500,12.745536
-1053.30987,500,17.300383
-1128.692538,500,20.948986
-1140.609673,500,24.702026
-1031.549468,500,29.228366
-1345.766437,500,32.976235
-1197.769862,500,48.4861
-990.011942,500,59.431155
-1068.492508,500,67.372265
-1225.871314,500,72.878162
-1150.845045,500,83.601409
-1076.279165,500,95.506458
-923.87956,500,102.397453
-1104.342731,500,115.107995
-1052.846618,500,118.421352
-1150.473772,500,122.399511
-1088.241697,500,125.419296
-1109.586045,500,128.545989
-1263.639089,500,131.811211
-1029.208762,500,136.070647
-1178.1901,500,139.627852
-1248.493956,500,143.331105
-1291.811567,500,147.587688
-1106.698284,500,151.515629
-1213.224408,500,155.061039
-1361.635491,500,159.327728
-1113.047409,500,170.576072
-999.786802,500,175.001162
-960.670552,500,179.023903
-1281.058799,500,182.924303
-1011.481771,500,186.875513
-1020.89314,500,191.036536
-1051.797915,500,196.206831
-1158.671458,500,201.903667
-1152.791621,500,206.133929
-1206.809373,500,210.272364
-1179.677008,500,214.326934
-1152.861406,500,218.556754
-1068.473336,500,222.284723
-898.978803,500,228.120341
-1374.866235,500,235.838413
-1074.551013,500,240.10448
-1085.44841,500,244.028419
-1196.813814,500,247.803487
-1260.501599,500,251.323039
-1067.830094,500,255.623792
-1042.751584,500,261.939991
-1007.357485,500,265.985538
-1131.888862,500,269.688951
-1047.812995,500,273.969694
-1122.339609,500,277.531647
-934.668703,500,281.509747
-1156.587606,500,285.821451
-1217.80487,500,289.584707
-946.318518,500,293.522602
-1087.372117,500,297.591216
-1033.488118,500,301.613984
-1258.315208,500,305.740755
-1060.38636,500,309.859814
-930.192136,500,314.310058
-1171.411462,500,320.820391
-1017.098959,500,324.525918
-1038.41936,500,328.060176
-967.364578,500,331.522627
-1053.25557,500,334.995318
-1056.225713,500,338.649386
-1170.25377,500,342.741198
-1146.294089,500,349.232909
-1062.299262,500,353.515974
-1215.920784,500,357.619537
-1077.682044,500,361.772677
-1234.924336,500,365.820837
-1076.781292,500,370.128854
-1057.855864,500,375.291466
-1074.932712,500,381.327127
-1218.796055,500,389.007654
-1228.902903,500,396.810004
-1251.212397,500,401.124234
-1100.897444,500,404.640324
-1097.252121,500,413.226292
-1088.440593,500,417.751377
-1005.446293,500,422.164407
-1107.290078,500,426.18547
-1119.300122,500,433.843628
-957.038021,500,442.591515
-1278.053548,500,449.796776
-1223.423064,500,456.81176
-1320.749268,500,465.464807
-1087.833087,500,471.979373
-1195.579309,500,476.024479
-1188.837703,500,483.267266
-1159.194948,500,489.732357
-1062.206518,500,497.650263
-1195.895505,500,502.502515
-1208.366625,500,506.397204
-1199.809628,500,510.442683
-1131.345704,500,514.467426
-1207.405713,500,518.513229
-1093.063815,500,522.000632
-1241.428356,500,528.948547
-1099.444909,500,533.382082
-984.220419,500,537.354608
-1174.920375,500,541.449099
-997.933197,500,545.562815
-1183.988954,500,549.205534
-1179.14559,500,552.702269
-900.85616,500,559.577775
-1018.468841,500,566.575288
-1186.891445,500,570.732916
-1018.827497,500,574.839599
-1276.410675,500,579.062684
-1183.859779,500,583.017076
-1023.881708,500,590.154555
-998.427802,500,594.460752
-1112.339683,500,598.327707
-1052.10566,500,602.788346
-1077.846987,500,606.877177
-900.809607,500,610.759958
-948.052374,500,614.335488
-1061.43087,500,621.675298
-1075.633614,500,625.729845
-1084.699595,500,629.299201
-982.25357,500,632.672459
-1153.123372,500,636.120315
-1205.669884,500,639.999666
-1157.938273,500,644.236931
-1208.463325,500,651.116418
-1133.804241,500,655.438137
-1010.45983,500,659.385988
-1221.646939,500,662.792543
-1138.045336,500,666.334044
-1343.335194,500,669.819071
-1225.876785,500,673.938734
-1130.873458,500,681.388743
-1136.207237,500,685.499913
-1278.491147,500,689.858347
-1021.697484,500,694.090267
-1180.930268,500,698.157169
-1050.749455,500,702.139585
-1167.055295,500,708.755495
-1161.458684,500,713.198156
-991.893084,500,717.510381
-991.536105,500,721.70079
-1332.692935,500,725.866749
-917.74229,500,729.44948
-1292.870627,500,733.689873
-1169.446783,500,740.875231
-1035.151811,500,744.562177
-1161.170717,500,748.53675
-1188.332897,500,752.807373
-1151.110267,500,756.900346
-1264.070835,500,760.620225
-1115.261624,500,765.245171
-1081.339305,500,770.022219
-1194.611816,500,773.88408
-1279.285852,500,777.31482
-1115.192456,500,780.340286
-1322.84653,500,788.044626
-1168.775986,500,798.627508
-1302.9886,500,810.891051
-1277.46933,500,816.176199
-1003.002772,500,823.001725
-1209.63314,500,837.825203
-1212.999244,500,845.672909
-1291.265951,500,850.038584
-977.859403,500,853.749482
-1247.075559,500,860.573623
-961.255416,500,865.169542
-1145.110052,500,869.647697
-1053.748686,500,873.474365
-1219.38795,500,877.076614
-1070.373494,500,880.920313
-1303.864449,500,889.248417
-1099.137362,500,893.907451
-1243.58952,500,897.887836
-1182.02826,500,902.132319
-1315.391338,500,906.481838
-1096.45875,500,910.917064
-1239.561392,500,916.140315
-1229.358485,500,921.540936
-1161.857336,500,925.952727
-1071.743533,500,930.38201
-1138.118778,500,935.385369
-1078.739995,500,940.26127
-1119.413264,500,946.381294
-954.576778,500,953.175162
-1149.878141,500,958.311014
-1188.978399,500,963.208414
-1185.574627,500,967.852095
-1181.479372,500,972.485819
-980.715299,500,981.206427
-1198.354023,500,986.296719
-1127.444019,500,991.345227
-1130.986051,500,996.217961
-1182.119239,500,1000.833942
-1052.355423,500,1008.749839
-962.645569,500,1014.14383
-1269.439769,500,1019.010077
-1106.498924,500,1023.790642
-1142.010267,500,1028.409496
-1282.359201,500,1033.186534
-1062.62483,500,1041.60846
-823.827069,500,1050.691552
-1210.579214,500,1061.159332
-1075.886773,500,1069.001224
-1268.590428,500,1073.109486
-1244.474745,500,1077.836947
-1189.582591,500,1082.315908
-1088.727107,500,1087.00611
-1232.061515,500,1091.779865
-1140.963908,500,1100.48193
-1037.770401,500,1111.534832
-1044.674119,500,1124.195689
-1155.959137,500,1135.101803
-1035.725068,500,1139.63402
-1171.83691,500,1144.515273
-1144.743816,500,1150.284634
-1170.946358,500,1163.27178
-1026.810726,500,1171.763669
-1154.635219,500,1175.737177
-949.883158,500,1179.667533
-1299.374767,500,1183.473922
-1060.90514,500,1192.909841
-1136.88409,500,1199.081461
-981.960001,500,1205.167958
-1131.583571,500,1215.887108
-1155.225043,500,1222.973694
-995.137721,500,1227.792036
-1191.475372,500,1232.034737
-869.360595,500,1236.950971
-1059.007996,500,1241.818662
-1249.677461,500,1251.016582
-1087.899997,500,1264.148578
-1113.8253,500,1268.612331
-1249.414119,500,1272.641776
-1182.16854,500,1277.701128
-1272.55417,500,1281.78911
-1297.478768,500,1286.078624
-1136.424122,500,1289.54003
-1066.016389,500,1292.717829
-979.697407,500,1296.22415
-1127.627388,500,1299.225709
-942.207488,500,1302.40229
-1233.957109,500,1305.528415
-858.115418,500,1308.751611
-1115.291592,500,1311.819738
-1052.014794,500,1315.035351
-1084.927504,500,1317.925786
-1059.226108,500,1321.075071
-1005.885007,500,1324.605897
-965.31177,500,1327.833005
-1161.067891,500,1331.024207
-1128.368138,500,1334.193298
-1181.976174,500,1337.439641
-1254.338436,500,1340.526787
-1075.844352,500,1343.819389
-1297.793123,500,1347.067014
-1255.602459,500,1350.104016
-1085.17202,500,1353.061503
-1256.731306,500,1356.47336
-1098.284816,500,1359.617135
-988.195327,500,1362.834236
-1231.337394,500,1366.131767
-986.45606,500,1369.336152
-1001.706767,500,1372.44321
-990.83881,500,1375.532182
-1152.017808,500,1378.699231
-864.820469,500,1381.8702
-1252.844388,500,1385.392041
-1150.828908,500,1388.663473
-1020.879743,500,1391.929752
-1166.392331,500,1395.219074
-1010.076019,500,1398.34398
-1106.299097,500,1401.579707
-1062.390392,500,1404.848633
-1114.333848,500,1407.876803
-960.112849,500,1411.165291
-1041.172185,500,1414.570179
-1315.77002,500,1417.641936
-1063.626683,500,1420.773334
-1281.18631,500,1423.929249
-1242.447763,500,1427.33936
-1180.805685,500,1430.440209
-1233.888347,500,1433.435282
-975.616952,500,1436.34046
-1204.52469,500,1439.317724
-1153.126628,500,1442.489492
-1161.75323,500,1446.067916
-1147.102682,500,1449.25023
-1122.949422,500,1452.36678
-1140.665498,500,1455.728866
-1162.98356,500,1458.869128
-1134.559477,500,1462.079593
-1144.341212,500,1465.248094
-1179.419507,500,1468.345455
-1144.7338,500,1471.578704
-1005.328561,500,1475.284187
-1157.331297,500,1478.449043
-1095.040768,500,1481.783184
-1075.55995,500,1484.988554
-1192.489776,500,1488.151567
-1307.328412,500,1491.37342
-1000.956041,500,1494.467509
-1128.032467,500,1497.637056
-1273.468101,500,1500.810064
-1047.976685,500,1504.166996
-991.851104,500,1507.432033
-1078.21552,500,1510.580273
-1165.849857,500,1513.781951
-1218.459405,500,1517.045832
-991.567092,500,1520.241951
-1194.320585,500,1523.370046
-1045.0744,500,1526.478366
-1223.56368,500,1529.71131
-1128.473899,500,1532.913393
-1210.829342,500,1536.332731
-1119.065105,500,1539.595716
-1172.966914,500,1542.859949
-1204.559434,500,1546.243705
-1241.482879,500,1549.363904
-1095.376992,500,1552.593766
-1079.160108,500,1555.909513
-1294.086222,500,1559.173918
-993.287412,500,1562.369303
-1055.466771,500,1565.758883
-1148.498776,500,1568.927535
-1190.649133,500,1572.224511
-1113.574126,500,1575.636903
-1139.921457,500,1578.851027
-1235.226541,500,1582.211181
-1180.065894,500,1585.53217
-1195.814558,500,1588.893553
-1172.444899,500,1592.343251
-1228.613506,500,1596.14091
-1162.28625,500,1599.162428
-1240.662559,500,1601.914474
-1055.626874,500,1604.706399
-1041.200185,500,1607.591286
-1306.04052,500,1610.319361
-1246.508344,500,1613.056361
-1098.16204,500,1615.792161
-1182.089932,500,1618.480648
-902.624962,500,1621.194386
-972.055849,500,1624.003385
-1236.322427,500,1626.724089
-986.081603,500,1629.547364
-1104.382191,500,1632.099064
-1137.542734,500,1634.812916
-988.852424,500,1637.545958
-1141.567109,500,1640.258654
-1182.059767,500,1643.038568
-1340.667237,500,1645.622514
-1085.48499,500,1648.17086
-1029.841999,500,1650.934429
-1192.740981,500,1653.691213
-1325.429493,500,1656.213173
-1252.068372,500,1658.669104
-1235.63946,500,1661.373232
-1207.353199,500,1664.067294
-1088.98067,500,1666.884209
-1125.275892,500,1669.509382
-970.387967,500,1672.196055
-1135.957702,500,1674.944863
-1340.925489,500,1677.558372
-1274.097012,500,1680.335781
-1050.200196,500,1683.064043
-1137.859171,500,1685.873343
-1091.596726,500,1688.54174
-1120.767064,500,1690.992405
-1174.516539,500,1693.711286
-1136.135172,500,1696.50668
-1160.671271,500,1699.255508
-1097.56298,500,1702.019502
-1069.678056,500,1704.572839
-980.635529,500,1707.282539
-1121.306,500,1709.988523
-1005.887876,500,1712.747068
-1169.811602,500,1715.600148
-1121.454765,500,1718.164713
-1230.385052,500,1720.86661
-1020.023435,500,1723.66814
-1065.2402,500,1726.495008
-1023.023845,500,1729.171554
-1282.403905,500,1731.779535
-1082.230555,500,1734.362747
-1155.755198,500,1736.872431
-1102.500056,500,1739.58019
-1166.042854,500,1742.149963
-1119.844158,500,1744.782812
-1093.710296,500,1747.452495
-1189.561789,500,1749.876825
-1089.442365,500,1752.32804
-1126.955589,500,1754.833516
-953.812597,500,1757.539473
-1184.289865,500,1760.122836
-992.329449,500,1762.674707
-1077.45307,500,1765.077913
-1188.529529,500,1767.811939
-1019.065139,500,1770.555574
-1139.128652,500,1773.228244
-1154.357728,500,1775.831935
-1258.662734,500,1778.430797
-1118.737185,500,1780.982265
-1038.381922,500,1783.768725
-1198.904778,500,1786.362823
-1093.403982,500,1788.84104
-1147.254528,500,1791.382371
-1194.885822,500,1794.162797
-1112.82139,500,1796.748045
-1005.120499,500,1799.259895
-1198.699931,500,1801.964201
-1087.503015,500,1804.768613
-1141.974569,500,1807.303952
-1135.84002,500,1809.953255
-1165.079428,500,1812.498253
-1139.90503,500,1815.324267
-1180.27066,500,1818.05936
-1244.517374,500,1820.767616
-1032.16786,500,1823.521824
-1122.717024,500,1826.187147
-1001.60602,500,1828.929352
-1019.535999,500,1831.57882
-1234.359032,500,1834.253888
-1159.094903,500,1836.991827
-1084.922077,500,1839.778628
-1232.306079,500,1842.552529
-1115.480961,500,1845.409985
-1220.265431,500,1848.200119
-1233.068424,500,1851.071737
-1008.594234,500,1853.774929
-1139.31001,500,1856.350819
-1182.610673,500,1859.140846
-934.338827,500,1861.898731
-1068.008623,500,1864.727845
-1249.251846,500,1867.203393
-1151.406481,500,1869.990788
-1009.257883,500,1872.665723
-1260.338032,500,1875.426157
-1263.866851,500,1878.085651
-1046.556668,500,1880.689048
-958.693142,500,1883.339301
-1113.845113,500,1886.151332
-1140.66053,500,1888.601072
-1240.666228,500,1891.213155
-1125.619394,500,1894.04769
-1178.048541,500,1896.589625
-1301.729326,500,1899.0858
-1202.094364,500,1901.62603
-1008.014977,500,1904.501541
-1238.966729,500,1907.267916
-1342.379178,500,1909.914745
-1024.388256,500,1912.718858
-1199.206212,500,1915.418197
-1234.911583,500,1917.970789
-1118.147401,500,1920.647548
-1194.717146,500,1923.393371
-1186.942062,500,1926.031146
-1153.246177,500,1928.581055
-1131.411763,500,1931.190831
-1187.352978,500,1933.702719
-1319.922838,500,1936.29684
-1089.536746,500,1938.790893
-1116.746066,500,1941.308535
-1105.239384,500,1944.012665
-1169.542806,500,1946.564462
-1085.226876,500,1949.301505
-1086.670181,500,1951.894593
-1120.195219,500,1954.569805
-1102.686132,500,1957.068769
-996.531955,500,1959.569192
-1206.269501,500,1962.104737
-1162.614148,500,1964.931196
-1154.924494,500,1967.692976
-1139.432377,500,1970.439361
-1179.888695,500,1973.20021
-1086.019607,500,1975.858389
-1157.433286,500,1978.405167
-1217.734426,500,1981.049159
-1189.689985,500,1983.729457
-1054.105222,500,1986.243458
-1121.050172,500,1988.945857
-1241.971593,500,1991.499747
-1203.469994,500,1994.073584
-1050.947014,500,1996.66346
-961.534128,500,1999.258957
-1255.642561,500,2001.951971
-1060.909408,500,2004.565356
-1129.651075,500,2007.103444
-1167.761538,500,2009.68285
-1067.617235,500,2012.167239
-1180.527808,500,2014.760843
-978.350633,500,2017.236131
-1165.875463,500,2019.680842
-1148.113534,500,2022.375954
-1207.188624,500,2024.947013
-1249.412429,500,2027.485585
-1106.140484,500,2030.150274
-890.040679,500,2032.724958
-1164.113128,500,2035.420704
-1108.577155,500,2038.004879
-1213.511939,500,2040.563324
-1064.514776,500,2043.180831
-1070.512602,500,2045.812402
-914.320217,500,2048.545228
-1131.028942,500,2051.018837
-1275.030874,500,2053.388129
-1219.632736,500,2055.901267
-1059.728303,500,2058.287317
-911.326481,500,2060.938639
-1255.751567,500,2063.369982
-884.564637,500,2065.998852
-1081.511422,500,2068.607688
-1034.622883,500,2071.392435
-1127.23506,500,2074.085514
-1165.482224,500,2076.470512
-1165.799429,500,2078.922933
-941.564478,500,2081.371108
-1139.349716,500,2083.959312
-1010.531631,500,2086.657881
-938.895824,500,2089.172417
-1160.771882,500,2091.651924
-1191.866432,500,2094.311957
-1117.837216,500,2097.018401
-1287.07709,500,2099.698173
-1031.3258,500,2102.366044
-1183.342221,500,2105.161277
-1061.72553,500,2107.701431
-1289.129232,500,2110.318885
-1118.879154,500,2113.015806
-1122.267369,500,2115.833226
-1230.744363,500,2118.467716
-1171.541307,500,2120.860265
-1095.128314,500,2123.417497
-1185.36619,500,2126.133758
-1225.976549,500,2128.581686
-1045.865973,500,2131.029254
-1157.337115,500,2133.517583
-1065.435791,500,2136.043806
-1096.637289,500,2138.430188
-1187.223229,500,2140.90506
-1105.106962,500,2143.712592
-1229.24686,500,2146.57383
-1155.515083,500,2149.219595
-1092.36707,500,2151.817112
-1137.351046,500,2154.428398
-1143.736012,500,2157.035031
-1130.254354,500,2159.731789
-1188.725689,500,2162.424724
-1140.462367,500,2165.059706
-1202.17349,500,2167.459334
-1050.517484,500,2170.187277
-1299.596533,500,2172.807805
-1199.138314,500,2175.48114
-1257.939331,500,2178.079141
-1272.930658,500,2180.673145
-1278.531661,500,2183.256312
-1088.847992,500,2185.885959
-1137.783102,500,2188.324569
-1077.915368,500,2191.065199
-1228.145147,500,2193.712623
-1181.870197,500,2196.329864
-1113.474491,500,2198.914409
-1149.605798,500,2201.663297
-1266.994188,500,2204.528709
-1158.926744,500,2207.177828
-1013.171821,500,2209.697781
-1022.270187,500,2212.400277
-1098.81135,500,2214.86917
-1109.161877,500,2217.330675
-1178.705546,500,2220.012417
-1196.980028,500,2222.483177
-1151.207504,500,2225.062414
-1133.063455,500,2227.471888
-935.704293,500,2229.894286
-1160.259566,500,2232.273019
-1029.350457,500,2234.835736
-1038.341185,500,2237.516738
-1170.60816,500,2240.021798
-1105.564632,500,2242.777826
-1061.966356,500,2245.515929
-1149.654263,500,2248.262864
-1112.332339,500,2250.899472
-831.760917,500,2253.641606
-1212.498234,500,2256.272575
-1117.250459,500,2258.934377
-1177.37593,500,2261.713613
-1098.167764,500,2264.576267
-1055.418999,500,2267.035966
-1187.203738,500,2269.473409
-1125.637781,500,2272.20055
-1049.645483,500,2274.681647
-1245.775476,500,2277.4769
-1077.150667,500,2280.163621
-1177.953763,500,2282.828975
-1140.180755,500,2285.643915
-1247.569547,500,2288.387334
-1160.130398,500,2290.833398
-1216.713245,500,2293.270807
-1263.164532,500,2295.865395
-1024.729786,500,2298.697696
-1031.288053,500,2301.409509
-1029.25647,500,2304.090306
-1096.222823,500,2306.817752
-1039.140456,500,2309.56755
-1143.403166,500,2312.251478
-1177.286266,500,2315.139041
-1318.624746,500,2317.883265
-1181.53184,500,2320.602627
-1171.251892,500,2323.353595
-1168.475608,500,2325.927368
-1109.981721,500,2328.731664
-1016.982755,500,2331.434874
-931.492098,500,2333.963593
-1195.454103,500,2336.52821
-1307.041282,500,2339.244181
-1160.804328,500,2341.838803
-1242.699547,500,2344.471368
-1192.976628,500,2346.912184
-1054.811496,500,2349.291388
-1213.895556,500,2351.867854
-1121.263081,500,2354.459407
-1121.813001,500,2357.128439
-1154.711173,500,2359.65802
-1106.590733,500,2362.08038
-908.84888,500,2364.634515
-1046.429003,500,2367.379258
-1045.976689,500,2370.129393
-1067.089913,500,2372.870944
-1041.530723,500,2375.63425
-1258.572416,500,2378.179893
-1054.319904,500,2380.768317
-1271.396705,500,2383.384542
-1198.647557,500,2385.966136
-1065.77069,500,2388.434991
-1195.167025,500,2391.162625
-1297.912348,500,2393.909354
-1089.423614,500,2396.673197
-1040.515202,500,2399.160733
-1141.775552,500,2401.875896
-988.381996,500,2404.362482
-1092.461729,500,2406.798723
-890.12095,500,2409.467798
-1178.227855,500,2412.147851
-1221.703069,500,2415.052064
-1139.16382,500,2417.883398
-1136.72053,500,2420.433447
-1122.127978,500,2423.133978
-1116.024906,500,2425.870345
-1188.88027,500,2428.323824
-1118.910855,500,2431.069341
-1116.937388,500,2433.721812
-932.122126,500,2436.268966
-1138.656675,500,2438.721673
-1053.680674,500,2441.170139
-1099.002425,500,2443.602818
-1119.213215,500,2446.323783
-1224.832372,500,2448.77007
-1104.310478,500,2451.18809
-1257.00939,500,2453.782679
-1135.666296,500,2456.478285
-1006.665334,500,2458.890736
-1029.860792,500,2461.300171
-928.600492,500,2463.900412
-1229.35758,500,2466.709464
-1198.593573,500,2469.460674
-1139.219035,500,2472.05491
-1307.651191,500,2474.626741
-1107.656589,500,2477.426619
-1228.137113,500,2480.172669
-1185.995642,500,2482.939278
-1284.979662,500,2485.840929
-1125.072034,500,2488.585832
-953.96466,500,2491.370774
-990.414746,500,2494.052413
-1050.328304,500,2496.50558
-1220.602847,500,2498.909726
-1180.240188,500,2501.608897
-1010.877989,500,2504.425251
-1144.307882,500,2507.191106
-933.337721,500,2509.618653
-1180.366907,500,2512.097768
-1229.312694,500,2514.474421
-1108.532575,500,2516.876441
-1180.587723,500,2519.439438
-1176.322922,500,2522.122439
-998.413724,500,2524.905563
-1115.376251,500,2527.650286
-1039.301424,500,2530.440267
-1137.159618,500,2532.91925
-1113.765257,500,2535.468689
-917.59888,500,2537.91787
-1204.166257,500,2540.302189
-1285.385954,500,2542.910992
-1173.549842,500,2545.547721
-1211.75015,500,2548.102258
-1123.288846,500,2550.649832
-1164.287311,500,2553.471111
-1056.461832,500,2556.186962
-1143.720799,500,2558.782683
-1193.933118,500,2561.167802
-991.689979,500,2563.733212
-1030.396509,500,2566.488076
-1041.184192,500,2568.954156
-958.981488,500,2571.380182
-1150.040831,500,2573.767557
-1228.399387,500,2576.153673
-1116.982306,500,2578.634435
-966.606728,500,2581.336631
-1232.700532,500,2584.082169
-1251.77627,500,2586.750033
-1217.791354,500,2589.494311
-1134.59444,500,2592.183373
-1342.123093,500,2594.973486
-1291.840163,500,2597.45555
-1272.299201,500,2600.15723
-996.712084,500,2602.570116
-1238.820386,500,2604.973649
-1106.492821,500,2607.361574
-1165.885733,500,2610.088513
-1169.757617,500,2612.893327
-1008.595039,500,2615.780388
-1284.28303,500,2618.536193
-1126.884428,500,2621.311004
-1033.889583,500,2624.033333
-978.267319,500,2626.792453
-925.075637,500,2629.230967
-1126.444117,500,2631.82448
-1091.614552,500,2634.255298
-1242.222705,500,2636.706019
-949.054051,500,2639.086271
-1087.753072,500,2641.468878
-1313.958602,500,2643.989349
-1138.699867,500,2646.701309
-1328.621409,500,2649.112102
-1271.33834,500,2651.650184
-1071.182514,500,2654.41431
-971.789061,500,2657.164099
-992.135651,500,2659.944128
-1032.152956,500,2662.519502
-1099.468065,500,2664.904277
-1081.264183,500,2667.553355
-1053.282808,500,2670.286017
-1018.461232,500,2672.999427
-1081.233293,500,2675.848576
-1233.50575,500,2678.553012
-1074.712291,500,2681.280608
-1316.722554,500,2684.010638
-1234.727628,500,2686.73482
-1173.260493,500,2689.224547
-1154.749488,500,2691.652971
-1175.903274,500,2694.165885
-1247.569643,500,2696.641404
-1043.076192,500,2699.242338
-880.213684,500,2701.642703
-1011.062133,500,2704.372882
-1000.368273,500,2707.120937
-1123.197403,500,2709.889562
-1023.544299,500,2712.619418
-1166.412497,500,2715.402585
-1016.714785,500,2718.067181
-1113.915005,500,2720.728074
-1062.253853,500,2723.445737
-1126.324599,500,2726.166384
-1053.309117,500,2728.864765
-1031.02518,500,2731.563226
-961.836238,500,2734.249846
-1148.035058,500,2737.089948
-1184.688489,500,2739.798972
-1206.295701,500,2742.465889
-1110.906133,500,2745.348574
-1077.210498,500,2748.004436
-1047.508434,500,2750.779371
-1237.167772,500,2753.497209
-1295.968912,500,2756.261762
-1126.297497,500,2758.983852
-1267.60158,500,2761.598347
-871.745328,500,2764.074666
-1228.691304,500,2766.466176
-1120.900865,500,2769.182963
-1280.631705,500,2771.875068
-1034.871369,500,2774.729382
-1273.113326,500,2777.443615
-1362.951371,500,2780.209944
-1131.30112,500,2782.956041
-1074.941845,500,2785.733504
-1227.185277,500,2788.340366
-1308.033271,500,2790.756178
-1039.025226,500,2793.561887
-1143.795747,500,2796.108617
-1042.362309,500,2798.504107
-1166.747176,500,2801.26119
-1069.069528,500,2803.979494
-1074.760196,500,2806.675378
-1248.656001,500,2809.407638
-1011.097969,500,2812.149294
-1165.573652,500,2814.948366
-1120.141223,500,2817.758009
-1018.098542,500,2820.527651
-1187.547508,500,2823.146559
-1275.716362,500,2826.047733
-1152.47647,500,2828.828926
-1153.756979,500,2831.402483
-1210.973114,500,2833.812791
-913.393108,500,2836.501106
-1143.161564,500,2839.010444
-1112.969845,500,2841.47994
-1199.687774,500,2844.119335
-1186.537152,500,2846.6563
-1203.552758,500,2849.183671
-1013.537713,500,2851.94999
-1222.072833,500,2854.493579
-1229.13264,500,2857.225011
-1124.117198,500,2859.950338
-1037.866335,500,2862.506534
-1033.272774,500,2865.188579
-967.298039,500,2867.839229
-1133.583738,500,2870.440397
-1141.733381,500,2873.179236
-1103.575199,500,2875.911981
-1197.755109,500,2878.578035
-1144.446311,500,2881.149996
-994.091954,500,2883.770733
-932.696046,500,2886.432967
-1117.435208,500,2889.147177
-1240.595859,500,2891.855423
-1119.497104,500,2894.45819
-1177.45946,500,2897.272049
-1163.862002,500,2899.88085
-1166.903741,500,2902.318112
-968.386717,500,2904.799883
-899.367324,500,2907.194619
-1093.900723,500,2909.625985
-1118.962151,500,2912.234509
-1066.073975,500,2915.02286
-1322.705446,500,2917.465008
-1270.5355,500,2919.947629
-1115.176363,500,2922.461428
-1129.772214,500,2925.255309
-1056.99894,500,2927.797028
-1033.580677,500,2930.451344
-1183.463339,500,2933.219157
-1217.311083,500,2935.94028
-1133.934501,500,2938.623258
-1104.069284,500,2941.042216
-1223.635636,500,2943.57572
-916.837253,500,2946.157796
-1116.512005,500,2948.675478
-977.601248,500,2951.034804
-931.19426,500,2953.609701
-1086.395316,500,2956.498856
-925.06132,500,2959.276948
-854.801508,500,2962.012962
-1194.684664,500,2964.513849
-1213.780923,500,2966.943055
-1203.440493,500,2969.640211
-1218.598336,500,2972.350185
-1030.047924,500,2975.108743
-1047.2978,500,2977.623907
-1202.840847,500,2980.410938
-1064.249474,500,2983.18283
-1285.177323,500,2986.084459
-1004.479052,500,2988.651488
-1086.842955,500,2991.205994
-1111.274434,500,2993.723183
-1081.078775,500,2996.260818
-933.978174,500,2998.865479
-1186.954626,500,3001.663109
-1277.002107,500,3004.486849
-1151.344833,500,3007.105408
-1202.244302,500,3009.728075
-1196.124745,500,3012.396609
-1018.475281,500,3014.881225
-1109.45421,500,3017.431554
-903.189315,500,3019.897423
-1050.170657,500,3022.385273
-985.283777,500,3024.899054
-1157.845695,500,3027.364719
-1160.179006,500,3030.055239
-785.39156,500,3032.708416
-1084.854464,500,3035.546374
-1242.551043,500,3038.276195
-966.791779,500,3040.743651
-1173.779879,500,3043.506447
-1147.959669,500,3046.213816
-1171.892885,500,3048.901285
-871.004078,500,3051.52852
-1167.268106,500,3054.112478
-1149.71056,500,3056.888808
-1118.106041,500,3059.491921
-1279.850621,500,3062.267766
-1157.29706,500,3065.191399
-1176.614067,500,3067.831696
-1117.58249,500,3070.249597
-1309.935512,500,3072.661612
-1099.619133,500,3075.343151
-1059.128758,500,3077.821184
-1089.291924,500,3080.267092
-1106.529498,500,3082.7941
-1111.464499,500,3085.545172
-1134.67955,500,3088.179324
-1173.68832,500,3090.834133
-988.782554,500,3093.470821
-1067.547281,500,3096.00415
-1174.806278,500,3098.599192
-968.470141,500,3101.054643
-1281.299941,500,3103.569294
-1177.17055,500,3106.176186
-1208.12067,500,3108.636444
-1080.617007,500,3111.27918
-1185.015275,500,3113.734129
-1043.356199,500,3116.173882
-1239.882989,500,3118.596322
-1064.363918,500,3121.097592
-1088.877199,500,3123.779826
-1125.724532,500,3126.444945
-1239.917404,500,3129.058169
-1254.836907,500,3131.669542
-1260.172334,500,3134.338739
-1051.236574,500,3136.901413
-1205.133795,500,3139.687377
-1019.7955,500,3142.282766
-851.424418,500,3144.863189
-994.688811,500,3147.324483
-1261.911887,500,3149.785285
-1064.968645,500,3152.579098
-1179.300786,500,3155.411197
-1246.540681,500,3157.992864
-1272.8156,500,3160.464587
-1199.049283,500,3162.875677
-1101.684685,500,3165.563792
-1265.265742,500,3168.104273
-1241.618317,500,3170.787961
-1229.870137,500,3173.259074
-1204.570847,500,3175.71794
-1190.002059,500,3178.584093
-1018.788168,500,3181.056472
-1011.332985,500,3183.575929
-1183.318978,500,3186.241194
-1245.859615,500,3188.714729
-1221.700584,500,3191.261315
-1132.28105,500,3193.707056
-1220.959494,500,3196.361296
-1287.399239,500,3198.785719
-1346.680214,500,3201.423095
-1102.694327,500,3203.962948
-1326.225054,500,3206.586503
-1124.250478,500,3209.059531
-1116.13389,500,3211.57268
-1234.450548,500,3214.266261
-1268.036051,500,3217.014049
-1298.854981,500,3219.746147
-1109.345015,500,3222.542606
-1321.034257,500,3225.461311
-1076.586071,500,3227.956107
-1227.747855,500,3230.543754
-1296.144843,500,3233.103756
-1103.965145,500,3235.823554
-1164.794824,500,3238.480121
-1059.994558,500,3241.102026
-1074.050373,500,3243.802706
-1193.124857,500,3246.183486
-1227.188194,500,3248.646837
-1247.662917,500,3251.066497
-1019.586519,500,3253.779714
-1106.954777,500,3256.66269
-1189.993053,500,3259.432705
-911.001409,500,3262.147585
-1135.268871,500,3264.854773
-1139.50476,500,3267.525438
-1127.989975,500,3269.880284
-1175.904107,500,3272.447735
-1171.564072,500,3275.167396
-928.173337,500,3277.886894
-1253.865409,500,3280.529203
-1024.359316,500,3282.963242
-1211.089268,500,3285.752926
-1049.066491,500,3288.224376
-1130.639331,500,3290.736046
-1160.433968,500,3293.130517
-1063.667191,500,3295.553047
-1036.575566,500,3298.192554
-1280.229603,500,3300.792184
-1084.25635,500,3303.26756
-1124.382304,500,3305.800579
-1272.094788,500,3308.22778
-1231.093718,500,3310.93574
-1258.364569,500,3313.430054
-1248.785844,500,3316.272146
-1189.659398,500,3318.992248
-1229.131681,500,3321.607625
-1308.365891,500,3324.005896
-1231.972974,500,3326.563218
-1122.261782,500,3329.210348
-1081.892634,500,3331.760253
-1080.255938,500,3334.415259
-1158.388754,500,3337.163558
-1123.281045,500,3339.884938
-1115.6485,500,3342.326924
-1058.410597,500,3344.872577
-1165.892922,500,3347.499314
-1128.346396,500,3350.100193
-1125.242968,500,3352.640862
-1265.510048,500,3355.240677
-1137.487579,500,3357.915496
-1148.87149,500,3360.597236
-1261.441835,500,3363.056061
-973.386176,500,3365.530294
-1270.607135,500,3367.961738
-1289.159026,500,3370.398914
-1267.653077,500,3372.969746
-1211.795507,500,3375.740762
-1078.844322,500,3378.184027
-928.96901,500,3380.746762
-1306.904828,500,3383.363108
-1095.046711,500,3385.906623
-946.574154,500,3388.396972
-916.96158,500,3391.114055
-1195.952246,500,3393.887864
-1093.15167,500,3396.617101
-1262.8499,500,3399.239482
-1083.914338,500,3401.626583
-1145.982616,500,3404.024576
-1219.90995,500,3406.532834
-1157.048501,500,3408.947567
-960.594728,500,3411.477024
-1190.481803,500,3413.834025
-942.103554,500,3416.35834
-1079.896397,500,3419.080141
-1236.790925,500,3421.805419
-1293.536958,500,3424.496853
-1065.004256,500,3427.098281
-1185.21617,500,3429.803753
-1119.628303,500,3432.41201
-1116.787313,500,3435.164708
-836.27184,500,3437.945443
-1059.901203,500,3440.65718
-1186.896456,500,3443.393843
-1236.180529,500,3445.995844
-1221.953117,500,3448.52171
-953.877217,500,3451.083119
-1080.633107,500,3453.702924
-1131.583281,500,3456.457646
-1112.654328,500,3459.173562
-1071.62157,500,3461.61296
-1071.2524,500,3464.082091
-1126.863689,500,3466.769131
-989.535376,500,3469.496449
-1209.837253,500,3472.29926
-1117.841834,500,3475.043783
-1074.970766,500,3477.591413
-1055.456346,500,3480.388518
-1082.831664,500,3483.042689
-1201.267658,500,3485.496007
-1221.048461,500,3487.935441
-1164.045529,500,3490.340354
-1173.964031,500,3492.774989
-1169.831387,500,3495.495354
-1047.337681,500,3498.196556
-1226.776632,500,3500.649757
-1260.092362,500,3503.02982
-1129.304215,500,3505.493266
-1139.770959,500,3508.043311
-1089.526861,500,3510.501446
-1057.055184,500,3513.139556
-1121.565956,500,3515.931943
-1289.633726,500,3518.596226
-1077.612632,500,3520.978651
-1205.106663,500,3523.433537
-1162.572468,500,3526.244091
-994.087665,500,3528.977771
-956.659975,500,3531.567158
-1283.618198,500,3533.972996
-1087.068315,500,3536.639194
-1158.690651,500,3539.453819
-1217.390835,500,3542.205389
-1194.880408,500,3545.047079
-1201.900334,500,3547.82044
-1213.961565,500,3550.489146
-1228.14764,500,3553.182793
-1110.40519,500,3556.05514
-1217.294593,500,3558.826062
-1149.619826,500,3561.574859
-1147.681293,500,3564.243853
-1127.710599,500,3566.619956
-1182.07798,500,3569.26701
-1248.789787,500,3571.957877
-1061.683231,500,3574.509365
-1032.177869,500,3576.933081
-1195.889135,500,3579.428386
-1354.51014,500,3581.786996
-1072.209173,500,3584.458963
-1262.243654,500,3586.968254
-1208.348359,500,3589.35534
-1149.558317,500,3591.818809
-1132.9678,500,3594.570885
-1091.431235,500,3597.342315
-1262.462792,500,3600.144663
-1125.411077,500,3602.894891
-1192.516934,500,3605.563539
-1073.468151,500,3607.976928
-1090.98531,500,3610.434663
-1265.257792,500,3613.220508
-1025.14894,500,3616.069536
-1204.726906,500,3618.78986
-1129.134325,500,3621.770307
-1042.782166,500,3624.687325
-1235.342929,500,3627.404316
-1163.4982,500,3630.123092
-1059.689082,500,3632.685696
-992.490557,500,3635.194166
-1084.493796,500,3637.705673
-946.429141,500,3640.173112
-1296.770522,500,3642.938366
-1068.738553,500,3645.669591
-1234.974999,500,3648.428069
-1104.400819,500,3651.070868
-1104.605787,500,3653.898952
-1209.707688,500,3656.564264
-1027.123631,500,3659.396659
-1020.786841,500,3662.340489
-1071.221548,500,3664.988643
-1024.601561,500,3667.815419
-1042.501904,500,3670.581116
-1037.01846,500,3673.398989
-1090.198504,500,3676.008245
-1200.976886,500,3678.490703
-1116.500856,500,3681.219851
-1045.558457,500,3683.882288
-1123.058449,500,3686.4304
-1239.551282,500,3689.163735
-1020.12712,500,3691.954896
-1306.989908,500,3694.711475
-1204.743799,500,3697.356424
-1239.873958,500,3700.213817
-1246.262651,500,3702.99373
-1074.853131,500,3705.758904
-874.901279,500,3708.393525
-1091.741742,500,3711.052887
-1085.771504,500,3713.735389
-1192.646012,500,3716.526306
-1158.349218,500,3719.195561
-1236.234752,500,3721.805924
-1282.298847,500,3724.452528
-1250.634303,500,3727.150034
-1142.071836,500,3729.935559
-1141.908961,500,3732.626933
-1261.153932,500,3735.56543
-1173.537416,500,3738.435245
-1357.420485,500,3741.21955
-1229.296032,500,3743.696587
-1133.920597,500,3746.118758
-1071.694775,500,3748.942425
-930.571597,500,3751.668518
-1236.258079,500,3754.485093
-1194.645835,500,3757.041228
-1150.899669,500,3759.759732
-1013.138393,500,3762.187639
-1149.450609,500,3764.7842
-1132.094198,500,3767.485978
-997.601186,500,3770.288425
-1049.641422,500,3773.191241
-1219.966621,500,3775.969955
-1042.976512,500,3778.744658
-1138.304607,500,3781.500609
-1181.740662,500,3784.079173
-1040.218525,500,3786.762774
-986.179049,500,3789.336878
-1176.718981,500,3792.119476
-1219.672586,500,3794.973594
-1225.316339,500,3797.717247
-1211.839475,500,3800.396723
-1089.562157,500,3802.971828
-1187.860291,500,3805.669975
-1311.298537,500,3808.360662
-1119.124356,500,3810.888294
-1121.196068,500,3813.44983
-1041.408814,500,3816.187701
-1191.966986,500,3819.080413
-1189.943031,500,3821.796047
-1248.252777,500,3824.625707
-1003.545241,500,3827.132748
-1298.426299,500,3829.590087
-1151.361542,500,3832.356276
-1152.162495,500,3834.891582
-1248.956058,500,3837.673538
-1021.312437,500,3840.526038
-1299.879768,500,3843.084435
-1301.859548,500,3845.799251
-1188.549149,500,3848.334
-1152.940395,500,3850.784664
-1211.122587,500,3853.400763
-1135.947365,500,3856.354911
-1142.27798,500,3859.219734
-1238.606195,500,3861.769565
-1257.808834,500,3864.507659
-1342.320339,500,3866.873603
-1178.945109,500,3869.74753
-1142.149866,500,3872.515513
-1259.272187,500,3875.307458
-1058.52626,500,3878.055491
-1180.208598,500,3880.700056
-927.321358,500,3883.109576
-1147.980929,500,3885.863512
-1123.398587,500,3888.581946
-1175.435102,500,3891.352602
-958.501353,500,3893.860005
-1190.07614,500,3896.578221
-1236.462636,500,3899.147979
-1252.510105,500,3901.920654
-1175.475056,500,3904.525611
-1135.416288,500,3906.914518
-1243.855248,500,3909.595533
-1073.398768,500,3912.261189
-1259.54439,500,3914.936532
-1106.876018,500,3917.832468
-1016.75568,500,3920.595983
-1110.645033,500,3923.331676
-1147.11559,500,3926.011379
-1123.43775,500,3928.561826
-1218.113016,500,3931.155085
-1005.42163,500,3933.918229
-1214.91004,500,3936.542936
-1254.342126,500,3939.295239
-953.020602,500,3942.063502
-1236.917249,500,3944.842304
-1172.471226,500,3947.623218
-1106.106077,500,3950.369451
-1045.272258,500,3953.084812
-1143.117557,500,3955.565487
-1259.829761,500,3958.005526
-1110.009165,500,3960.674404
-1061.878297,500,3963.151954
-1312.492462,500,3965.972593
-1284.050418,500,3968.694337
-1224.493247,500,3971.412384
-1273.723121,500,3974.175761
-1256.092701,500,3976.830361
-1116.946431,500,3979.537073
-1176.066641,500,3982.36362
-1076.237824,500,3984.891269
-1097.829477,500,3987.574149
-1056.229019,500,3990.154916
-1187.023758,500,3992.79616
-1163.154154,500,3995.709048
-1227.311264,500,3998.172659
-1271.059421,500,4000.623533
-1327.410669,500,4003.231205
-964.32796,500,4005.737744
-1180.59692,500,4008.122612
-1187.857218,500,4010.59719
-1242.414736,500,4013.376127
-1182.917362,500,4015.855802
-1003.744462,500,4018.339476
-1171.558445,500,4020.777583
-1154.785669,500,4023.275123
-925.977184,500,4025.963373
-1066.740563,500,4028.741267
-1144.215045,500,4031.45382
-1028.130412,500,4034.227033
-1142.217999,500,4037.054177
-1129.243457,500,4039.737656
-1244.238192,500,4042.165315
-1052.533652,500,4044.650301
-1161.408677,500,4047.15601
-1089.443687,500,4049.672665
-1110.393475,500,4052.194238
-1026.246374,500,4054.843319
-1118.631296,500,4057.382185
-1156.869529,500,4060.143092
-1202.830005,500,4062.869701
-1183.433132,500,4065.729238
-1009.076806,500,4068.327287
-1099.023144,500,4071.149308
-1286.604952,500,4073.981951
-1184.74484,500,4076.811577
-1143.66318,500,4079.689715
-1121.726069,500,4082.456631
-1171.855621,500,4085.34159
-1207.585055,500,4088.253309
-1215.037641,500,4090.984941
-1254.506688,500,4093.676108
-1158.326524,500,4096.2511
-1058.504671,500,4098.901247
-1118.880815,500,4101.395813
-1140.241255,500,4103.850164
-1231.861736,500,4106.270309
-1127.389679,500,4109.044484
-1085.60096,500,4111.606058
-1096.723219,500,4114.033185
-1209.582544,500,4116.462896
-1185.836552,500,4119.182164
-1112.951936,500,4121.662237
-1207.488565,500,4124.078211
-1011.799906,500,4126.764041
-1277.67057,500,4129.48021
-1254.699992,500,4132.064489
-1074.032379,500,4134.504673
-1062.682358,500,4136.948561
-1287.928019,500,4139.549374
-1076.583619,500,4142.243816
-1206.24035,500,4145.043365
-1129.777553,500,4147.67145
-1071.391547,500,4150.064237
-1015.213465,500,4152.454319
-1209.423366,500,4155.227134
-1168.042744,500,4157.835301
-1270.262038,500,4160.439317
-1308.901707,500,4162.974483
-1277.692751,500,4165.58839
-1208.5554,500,4168.326299
-1241.481445,500,4171.050013
-1265.247607,500,4173.617939
-1250.521774,500,4176.245952
-1213.697838,500,4178.948094
-1037.035496,500,4181.628032
-1048.509203,500,4184.323076
-1006.70866,500,4187.09912
-1237.139263,500,4189.636683
-1205.513396,500,4192.419286
-1185.15656,500,4195.042208
-1089.085822,500,4197.616157
-1048.301237,500,4200.018574
-1099.418502,500,4202.620593
-1264.764591,500,4205.239634
-906.027162,500,4207.698146
-1135.1621,500,4210.230443
-1201.994451,500,4212.711672
-1106.675743,500,4215.465736
-1124.573444,500,4217.872627
-1174.151081,500,4220.635733
-1250.390851,500,4223.140909
-1099.469627,500,4225.818327
-1121.709229,500,4228.611263
-1002.134601,500,4231.332939
-1161.019459,500,4233.92619
-1116.549591,500,4236.661313
-1196.849232,500,4239.245929
-997.46774,500,4241.644423
-1267.624963,500,4244.236398
-1190.720776,500,4247.046355
-1142.97343,500,4249.622933
-1200.594578,500,4252.328033
-1187.028803,500,4254.944344
-1059.369825,500,4257.577537
-1225.943735,500,4260.330285
-1102.562854,500,4262.827073
-1202.731908,500,4265.596426
-1018.543453,500,4268.192075
-1164.808655,500,4270.985129
-1048.443222,500,4273.412936
-1149.554753,500,4275.921347
-1145.920955,500,4278.574371
-985.434417,500,4280.995995
-1308.835014,500,4283.493587
-1137.413152,500,4285.94347
-792.970926,500,4288.445903
-1050.774248,500,4291.076478
-958.434897,500,4293.817232
-1124.576291,500,4296.352805
-1200.182706,500,4298.875038
-1140.589641,500,4301.604747
-1017.639767,500,4304.11801
-1229.224418,500,4307.047666
-1231.862676,500,4309.512766
-1034.484635,500,4312.235541
-1198.505345,500,4314.833611
-1131.742581,500,4317.419797
-1147.612705,500,4320.066013
-1028.070899,500,4322.658763
-1276.859054,500,4325.240083
-1128.534057,500,4327.806898
-1236.223798,500,4330.460371
-1014.606377,500,4333.046916
-1182.257144,500,4335.885934
-1040.857219,500,4338.632571
-1185.076004,500,4341.140559
-1101.653132,500,4343.708917
-1031.758938,500,4346.14615
-1138.469843,500,4348.654475
-1195.615557,500,4351.348974
-1145.66133,500,4353.833581
-935.014549,500,4356.562653
-1088.190242,500,4359.101058
-1371.45757,500,4361.548703
-1070.713702,500,4363.993015
-1048.705492,500,4366.563172
-1213.18872,500,4369.284561
-1302.609763,500,4371.860919
-1113.19091,500,4374.459331
-1095.126899,500,4376.869738
-1189.970564,500,4379.327428
-1145.175138,500,4381.979063
-1027.806376,500,4384.774296
-1056.236265,500,4387.32937
-1263.428962,500,4389.915431
-1042.46491,500,4392.357239
-1170.060719,500,4394.98053
-1042.840592,500,4397.75877
-1120.584012,500,4400.497788
-1190.562345,500,4403.250948
-1147.890484,500,4405.933207
-1093.897509,500,4408.707121
-1245.612414,500,4411.508077
-1120.744274,500,4414.428872
-1200.947833,500,4417.105372
-1220.163862,500,4419.669245
-1206.714954,500,4422.325945
-1072.215594,500,4425.115596
-1065.516937,500,4427.865989
-1018.773101,500,4430.683998
-1185.52792,500,4433.432032
-1127.342135,500,4435.945619
-1207.884545,500,4438.585889
-1144.231878,500,4441.397749
-1036.181103,500,4444.208123
-1070.14468,500,4446.897568
-1108.390534,500,4449.52332
-997.251374,500,4451.929016
-1121.806222,500,4454.574788
-1281.97835,500,4457.119855
-1128.243249,500,4459.662871
-1095.938775,500,4462.110951
-1078.123714,500,4464.619543
-1157.012515,500,4467.363883
-1258.642394,500,4469.964893
-1286.318869,500,4472.596886
-1249.626882,500,4475.433705
-1222.91679,500,4477.927154
-1278.241174,500,4480.581401
-1060.67124,500,4483.070194
-1173.442753,500,4485.755772
-1086.983568,500,4488.320924
-1127.125516,500,4490.986337
-1367.580511,500,4493.466239
-1027.195301,500,4496.00795
-1245.720532,500,4498.626236
-1299.962916,500,4501.36122
-1036.071175,500,4504.06192
-1145.735266,500,4506.628489
-1309.085361,500,4509.019436
-1039.324281,500,4511.786037
-1265.580378,500,4514.733886
-1097.568002,500,4517.299103
-1051.667927,500,4519.837659
-896.859381,500,4522.479122
-1175.304714,500,4524.987634
-1274.723859,500,4527.483577
-986.022347,500,4530.213881
-1229.354847,500,4532.780122
-1233.040946,500,4535.415258
-1162.03639,500,4538.131846
-994.520547,500,4540.91678
-908.819862,500,4543.452634
-1163.275661,500,4546.365605
-1049.95629,500,4549.179537
-1002.420248,500,4552.046083
-1210.138847,500,4554.747302
-1107.575737,500,4557.407958
-1207.888218,500,4560.11992
-874.852891,500,4562.733075
-1140.560604,500,4565.435216
-1130.818133,500,4568.170768
-1176.055195,500,4570.830151
-1002.432944,500,4573.558373
-1128.224901,500,4576.374222
-1108.267105,500,4578.901239
-1124.06833,500,4581.642315
-1091.709669,500,4584.369254
-1282.368014,500,4586.971179
-1139.591292,500,4589.766935
-1050.739653,500,4592.261111
-880.467105,500,4595.062157
-974.235445,500,4597.94681
-985.67509,500,4600.71762
-1272.904637,500,4603.406225
-1136.464759,500,4606.256729
-890.842749,500,4608.890409
-1240.694031,500,4611.677282
-1168.452562,500,4614.546332
-1035.329318,500,4617.338384
-1131.822245,500,4619.910209
-1210.277958,500,4622.661045
-1163.77938,500,4625.436334
-1246.979067,500,4628.159407
-799.457045,500,4630.800717
-965.509641,500,4633.248583
-1094.298356,500,4636.003259
-1096.146702,500,4638.518626
-1129.286493,500,4641.142394
-1192.414049,500,4643.809193
-926.524754,500,4646.248984
-1162.724827,500,4649.007432
-1082.203782,500,4651.601444
-1174.96423,500,4654.077687
-1176.676889,500,4657.047199
-1202.497707,500,4659.866476
-1157.521257,500,4662.576517
-1272.663625,500,4665.318124
-1086.108352,500,4668.159623
-1169.493466,500,4670.777509
-1028.172041,500,4673.540714
-1048.645609,500,4676.918182
-1046.868572,500,4681.148275
-1167.17351,500,4685.496117
-1022.914615,500,4689.076717
-1238.826672,500,4693.050539
-1160.289912,500,4696.554729
-1085.489571,500,4699.637342
-1238.326764,500,4702.752589
-966.528886,500,4706.184924
-1149.484042,500,4709.32636
-1205.745424,500,4712.287349
-1148.942874,500,4715.648867
-1190.449642,500,4718.888297
-1135.541041,500,4722.197723
-1148.529082,500,4725.619943
-1123.077857,500,4728.878183
-1043.967827,500,4732.040098
-988.065865,500,4735.301603
-1021.375229,500,4738.470068
-1142.028837,500,4741.484324
-1125.945282,500,4744.963688
-1056.674936,500,4748.003652
-1092.558251,500,4750.957003
-1149.849513,500,4753.803671
-1108.148826,500,4757.352668
-1126.909884,500,4760.428778
-1248.242599,500,4763.487359
-1211.742841,500,4773.186921
-1295.799747,500,4781.145213
-1256.025999,500,4788.453348
-1139.919832,500,4796.210127
-1016.261293,500,4804.444925
-1103.066848,500,4810.579523
-1188.363524,500,4819.895426
-1162.081736,500,4826.073936
-1191.345447,500,4832.915679
-1094.853656,500,4840.556981
-999.494438,500,4846.507973
-1170.684484,500,4854.222459
-1158.630212,500,4861.762731
-968.155768,500,4866.416207
-1127.967415,500,4873.74663
-1165.112548,500,4882.748384
-1143.383365,500,4887.193691
-1044.575448,500,4894.547187
-1128.927788,500,4902.823541
-1042.575311,500,4911.580982
-1038.047959,500,4918.238408
-1173.005548,500,4924.383221
-1174.256763,500,4930.453324
-1114.255524,500,4938.250788
-1273.370289,500,4944.592092
-1125.191045,500,4950.301026
-1010.705676,500,4958.156889
-1066.502288,500,4964.367181
-917.009047,500,4972.581525
-923.943438,500,4979.33088
-1025.247903,500,4985.492361
-1052.226789,500,4991.85887
-1159.735598,500,5000.541003
-1097.498803,500,5005.437964
-1069.770805,500,5012.037354
-1172.602607,500,5021.059785
-1325.744075,500,5028.444847
-1164.16743,500,5032.443416
-1152.685031,500,5036.522931
-1291.741908,500,5040.602972
-1272.896187,500,5044.949892
-1002.586447,500,5053.737612
-1247.760514,500,5062.074155
-1404.689292,500,5066.413128
-1194.139949,500,5071.906938
-1153.807271,500,5079.693749
-1186.032691,500,5086.867379
-1185.908772,500,5094.616025
-1094.338823,500,5102.364997
-1230.56589,500,5107.662292
-1203.984391,500,5115.574177
-1012.179208,500,5123.722131
-1082.642165,500,5128.8857
-1110.037189,500,5136.151007
-1269.262914,500,5143.133711
-1291.206817,500,5150.758142
-1160.778241,500,5158.257057
-1106.422496,500,5164.604777
-1288.925737,500,5170.98261
-1069.719691,500,5180.255451
-1099.28227,500,5185.463921
-1077.576216,500,5191.387091
-1204.376616,500,5198.709333
-994.790444,500,5208.113849
-1146.848335,500,5216.00665
-1324.352111,500,5222.997709
-1050.290808,500,5227.191634
-1231.205076,500,5234.638685
-1002.886387,500,5243.582109
-972.425166,500,5248.862777
-1037.720976,500,5255.968264
-1288.694915,500,5262.886936
-1153.127045,500,5270.502455
-1180.280885,500,5279.246849
-983.565617,500,5285.191719
-1038.138108,500,5291.555236
-1097.299035,500,5300.227092
-1149.572956,500,5305.581314
-1090.704055,500,5312.201906
-1235.616486,500,5319.476841
-1188.068442,500,5325.835342
-1227.998923,500,5334.253599
-1054.337093,500,5341.651611
-1158.743276,500,5346.120425
-1172.656165,500,5352.916947
-946.529468,500,5361.669332
-1101.668495,500,5366.406771
-1245.099264,500,5372.929627
-1033.287864,500,5380.524363
-1200.683593,500,5386.864921
-1145.418503,500,5394.513753
-1137.354866,500,5401.774802
-903.804072,500,5406.58258
-1022.754417,500,5413.828119
-1108.415788,500,5422.807593
-1122.120039,500,5426.565009
-910.66959,500,5433.002588
-1135.658049,500,5440.774811
-1047.470107,500,5448.177475
-1143.696137,500,5456.258453
-1127.178577,500,5462.853948
-1129.595671,500,5466.544521
-1066.691151,500,5474.220275
-1029.806687,500,5482.832884
-1216.999465,500,5487.874237
-1260.242905,500,5494.583418
-1173.717447,500,5501.514961
-1174.991423,500,5510.196794
-1111.716161,500,5517.809023
-1312.446867,500,5524.593109
-1233.882859,500,5531.092826
-1145.510097,500,5539.980181
-1297.779234,500,5544.960782
-1064.443565,500,5550.106013
-1060.835812,500,5557.490842
-1021.083886,500,5564.235197
-1040.824233,500,5572.661537
-1182.934554,500,5580.289633
-967.067105,500,5585.804108
-1292.829704,500,5592.672806
-1239.342013,500,5601.702161
-1175.683096,500,5607.553452
-1236.591927,500,5614.414592
-1034.446936,500,5622.141346
-1122.678724,500,5629.42279
-1197.104746,500,5636.295986
-1187.660389,500,5643.655912
-1029.943285,500,5649.794064
-926.589786,500,5658.400494
-1121.586846,500,5665.70102
-1170.413952,500,5672.602204
-1202.74286,500,5680.354392
-1025.564415,500,5687.907029
-1142.994308,500,5696.699012
-1101.674802,500,5704.2614
-1172.131267,500,5710.745809
-1103.017026,500,5719.431322
-1244.925851,500,5725.393929
-1050.038851,500,5732.135273
-1205.706792,500,5739.638746
-1086.888207,500,5746.86055
-930.631238,500,5754.895994
-1167.882766,500,5762.424866
-1074.381769,500,5767.878384
-1060.480322,500,5775.700858
-1135.294718,500,5783.583315
-1050.133938,500,5789.305197
-1242.158793,500,5796.575191
-1089.661976,500,5803.60449
-1224.316146,500,5811.88012
-1067.224081,500,5819.184383
-1215.801753,500,5825.192273
-1065.221752,500,5832.034817
-1215.35742,500,5841.085372
-1043.189559,500,5846.293886
-1227.056117,500,5854.187663
-1129.350861,500,5862.713422
-1168.062027,500,5870.545392
-1048.760293,500,5877.295995
-1217.266898,500,5884.02139
-1144.323428,500,5890.215192
-1131.835333,500,5899.98014
-1068.540175,500,5906.294211
-1234.351485,500,5912.947315
-1203.411013,500,5920.073262
-1117.951966,500,5926.741979
-981.994568,500,5934.616128
-1141.539356,500,5941.801868
-1185.755556,500,5946.766791
-1117.314092,500,5954.264301
-1147.983883,500,5962.764572
-1322.279897,500,5967.690507
-1284.442349,500,5974.848291
-1215.992681,500,5982.136483
-1267.868303,500,5990.124332
-1161.636304,500,5997.035928
-1215.577479,500,6004.025165
-1052.672925,500,6010.54759
-943.688535,500,6019.304427
-1176.873833,500,6025.523048
-1169.368749,500,6032.826679
-1033.839785,500,6039.846477
-1133.577548,500,6048.13996
-1132.217152,500,6055.960466
-1043.192477,500,6062.807291
-914.578352,500,6068.655415
-1056.521126,500,6077.079552
-1235.451023,500,6084.700421
-1076.509975,500,6090.887444
-1171.116612,500,6097.775408
-1027.8306,500,6104.289278
-1120.851296,500,6112.849055
-1241.470006,500,6120.5386
-1212.097196,500,6126.394767
-927.458473,500,6133.738831
-1154.429062,500,6142.869737
-1067.297003,500,6148.578344
-1311.332096,500,6155.930887
-1115.984697,500,6162.855686
-1078.533995,500,6171.620014
-1115.616872,500,6178.84084
-1174.327942,500,6184.765082
-975.392026,500,6191.216399
-1171.529656,500,6199.647676
-965.995305,500,6206.141603
-1141.66609,500,6213.135235
-1277.393677,500,6220.285885
-1020.960027,500,6227.224759
-1276.828747,500,6234.365895
-1048.589814,500,6241.671103
-1180.458727,500,6248.025538
-1225.886478,500,6255.667331
-1265.756968,500,6263.66396
-888.208483,500,6269.082347
-1215.975862,500,6276.472091
-1161.513524,500,6283.40339
-1199.370903,500,6291.565593
-1073.639905,500,6298.470965
-1158.293273,500,6304.832345
-1151.461645,500,6311.509516
-1223.283505,500,6320.647135
-1099.113673,500,6326.690566
-1259.903564,500,6335.16972
-1042.745763,500,6343.288841
-1259.270192,500,6351.453749
-1107.892744,500,6359.407818
-1304.060227,500,6366.04796
-1151.362424,500,6373.880063
-1040.468836,500,6382.574802
-1004.440029,500,6387.800894
-1162.065017,500,6394.71918
-1214.701659,500,6402.272452
-1134.312498,500,6410.382013
-1160.172996,500,6418.4138
-1097.196055,500,6424.542349
-1175.153471,500,6430.96787
-1259.025806,500,6438.64354
-1257.920624,500,6445.19083
-1149.080517,500,6450.845411
-1074.537638,500,6457.817386
-1108.783364,500,6464.007769
-1232.578598,500,6472.955547
-1149.93935,500,6480.775196
-1062.485314,500,6487.278796
-1211.169041,500,6495.272639
-951.431462,500,6503.373376
-1056.452329,500,6509.236983
-1262.852288,500,6517.040159
-1005.427006,500,6524.07888
-1103.792567,500,6533.225889
-1156.214335,500,6540.581717
-1267.72003,500,6546.385662
-1297.043992,500,6554.055393
-1064.536803,500,6562.675167
-1132.653213,500,6567.307942
-1086.932294,500,6574.604909
-1193.145997,500,6581.81865
-944.238385,500,6588.383413
-972.583073,500,6596.258888
-1036.752773,500,6603.518458
-1172.973915,500,6609.870941
-1199.771545,500,6618.587798
-1052.462278,500,6625.135984
-1117.097703,500,6629.88796
-1338.841688,500,6635.021564
-1109.000619,500,6639.642854
-1212.623886,500,6644.138442
-1261.602754,500,6651.590297
-1008.070208,500,6656.407625
-1065.051438,500,6660.966769
-1107.404355,500,6665.045631
-1167.546327,500,6669.409729
-1159.945728,500,6674.389826
-1157.17197,500,6681.757598
-1008.42971,500,6686.52847
-1210.97626,500,6690.807348
-1075.414031,500,6695.473377
-1135.623581,500,6700.052151
-1217.959266,500,6704.967089
-1127.908003,500,6714.355066
-1186.833419,500,6720.067953
-1171.539014,500,6725.03216
-1282.216818,500,6730.14091
-1228.932511,500,6736.285536
-1063.107158,500,6742.724452
-1177.437073,500,6747.26837
-1369.71901,500,6751.572512
-1133.535169,500,6756.185316
-1263.154024,500,6761.054815
-1097.600691,500,6767.520265
-1028.278366,500,6773.592973
-1135.722391,500,6778.516429
-1007.599675,500,6783.467798
-1103.225719,500,6788.300631
-1069.091954,500,6793.279375
-1242.559338,500,6800.591475
-1258.307156,500,6804.769642
-1201.205246,500,6809.498012
-1126.833352,500,6814.086348
-1187.099166,500,6818.801198
-1070.027289,500,6824.021961
-1254.939132,500,6831.181669
-1077.06279,500,6835.722962
-1043.231896,500,6840.889542
-1178.957781,500,6846.254507
-1212.216918,500,6851.384885
-1150.593744,500,6858.757721
-1340.617691,500,6864.14509
-1172.076067,500,6869.1292
-847.911032,500,6873.712876
-921.980051,500,6878.833397
-1250.179968,500,6883.695675
-1218.308314,500,6891.430376
-1180.883688,500,6896.435476
-1213.204603,500,6901.461896
-1089.705564,500,6905.942318
-1137.91817,500,6911.104601
-1160.881397,500,6918.046079
-1012.07755,500,6923.69722
-1128.638048,500,6928.537114
-1240.672688,500,6933.562083
-1202.511007,500,6938.055208
-1151.602667,500,6942.708797
-1316.952903,500,6950.324397
-1012.495758,500,6955.420189
-1180.327297,500,6960.414429
-1078.294577,500,6965.289377
-1263.822828,500,6970.597159
-1181.06641,500,6976.891467
-1165.573775,500,6983.626511
-1213.573932,500,6989.147519
-1284.584705,500,6994.847277
-1268.903388,500,6999.409338
-1177.735471,500,7004.422013
-1287.833394,500,7013.115412
-889.111953,500,7019.598785
-1132.547173,500,7024.304146
-1092.718006,500,7028.925184
-1162.830308,500,7033.559545
-1213.548545,500,7041.189364
-1175.911522,500,7046.0921
-1227.985476,500,7050.213452
-1132.960142,500,7055.511018
-1076.573196,500,7060.528578
-1177.736421,500,7067.099943
-963.976841,500,7070.715605
-1131.749898,500,7074.475544
-1205.854256,500,7077.871721
-1159.218542,500,7081.095756
-1126.031684,500,7084.459525
-930.230321,500,7087.763544
-1196.812152,500,7090.71819
-1086.322143,500,7093.964564
-1130.091781,500,7097.221511
-1227.277221,500,7100.380637
-1111.440179,500,7103.257653
-1390.549061,500,7106.149914
-1009.874708,500,7109.041374
-1108.144803,500,7111.926389
-1206.034464,500,7114.899886
-1208.380032,500,7117.887029
-1254.290014,500,7120.730865
-901.215467,500,7123.594751
-1225.808089,500,7126.837675
-1145.98019,500,7129.751971
-1127.806179,500,7133.124894
-1226.119396,500,7136.260869
-931.043905,500,7139.211758
-1019.273274,500,7142.132253
-1052.710998,500,7145.182428
-1107.024854,500,7148.192223
-1019.368679,500,7151.191648
-1273.150895,500,7154.115962
-1243.703212,500,7157.316292
-870.305574,500,7160.573218
-1046.075045,500,7163.854533
-1301.057962,500,7166.882751
-1164.001174,500,7170.082453
-1285.674566,500,7173.262754
-1095.459197,500,7176.553002
-1169.234281,500,7179.913901
-1123.694929,500,7182.848626
-1130.640297,500,7186.384431
-1212.699882,500,7189.585414
-1073.029834,500,7192.471412
-1051.986026,500,7195.73818
-1152.604951,500,7198.651518
-1208.712426,500,7201.663632
-902.204718,500,7204.619653
-1094.298324,500,7207.57274
-1251.673288,500,7210.82428
-1191.28486,500,7213.947208
-1105.467563,500,7217.30569
-1193.027414,500,7220.234843
-1057.368952,500,7223.468791
-1230.436598,500,7226.538533
-1212.360019,500,7229.539035
-1297.475683,500,7232.337915
-1289.734746,500,7235.545092
-1091.571731,500,7238.883162
-1069.382205,500,7241.763185
-1198.680278,500,7245.596457
-1163.94376,500,7249.64557
-1196.842061,500,7255.688383
-1323.446339,500,7258.799373
-957.46455,500,7261.749237
-1052.144403,500,7264.776155
-1142.81311,500,7267.978324
-1028.130683,500,7271.362049
-1205.077474,500,7274.981137
-1274.995251,500,7278.40728
-1104.203037,500,7281.418477
-1164.387943,500,7284.404859
-1187.41239,500,7287.355287
-1210.106347,500,7290.338399
-1148.177056,500,7293.332248
-1266.936166,500,7296.689347
-1169.267504,500,7300.115357
-1105.877334,500,7303.491057
-1027.417432,500,7307.285198
-1117.864165,500,7310.566157
-1025.110774,500,7313.606699
-1073.606063,500,7316.837486
-1319.66126,500,7320.080426
-1081.614217,500,7323.165152
-912.2622,500,7326.693463
-1136.813474,500,7330.075718
-1072.502277,500,7333.353791
-1134.716559,500,7337.076931
-1106.036629,500,7340.411858
-1095.9223,500,7343.80557
-1144.679752,500,7347.076983
-990.769247,500,7350.205374
-1323.825218,500,7353.188909
-1286.494007,500,7356.124246
-1003.065256,500,7359.356806
-1041.720081,500,7362.537369
-1167.139969,500,7365.743686
-1237.264389,500,7369.506021
-1237.898111,500,7372.978547
-1151.799877,500,7376.059482
-1115.008315,500,7379.201909
-1261.079867,500,7382.23319
-1215.221615,500,7385.435562
-1151.892593,500,7388.887347
-933.935755,500,7392.229683
-1193.526695,500,7395.610518
-1230.632716,500,7399.097757
-1008.809459,500,7402.199102
-1199.434307,500,7405.423165
-1001.114065,500,7408.929234
-1269.772607,500,7412.249457
-1163.649203,500,7415.603036
-1138.760081,500,7418.781302
-1231.709342,500,7421.725822
-1067.223222,500,7425.004195
-1142.307355,500,7428.803944
-1232.848275,500,7432.20033
-1075.762201,500,7435.680343
-1070.02907,500,7439.108282
-1272.185233,500,7442.540208
-1089.55526,500,7445.622212
-1150.716965,500,7448.618484
-1112.466562,500,7451.657767
-1194.650554,500,7455.134536
-1208.1581,500,7458.526205
-1288.856762,500,7461.63542
-1213.511395,500,7464.805537
-1148.248152,500,7468.245546
-1144.976704,500,7471.711509
